2026-01-05 23:39:24 [INFO] scheduler: ============================================================
2026-01-05 23:39:24 [INFO] scheduler: Starting Eiqora Data Collection Scheduler
2026-01-05 23:39:24 [INFO] scheduler: ============================================================
2026-01-05 23:39:24 [INFO] scheduler: ============================================================
2026-01-05 23:39:24 [INFO] scheduler: Running startup pipelines to update database...
2026-01-05 23:39:24 [INFO] scheduler: ============================================================
2026-01-05 23:39:24 [INFO] scheduler: Starting pipeline: data_collection.pipelines.universe run
2026-01-05 23:39:24 [INFO] scheduler: ✅ data_collection.pipelines.universe completed in 0.4s
2026-01-05 23:39:24 [INFO] scheduler: Starting pipeline: data_collection.pipelines.vix run
2026-01-05 23:39:25,277 INFO Fetching volatility indices (last 30 days)...
2026-01-05 23:39:25,277 INFO Fetching ^VIX...
2026-01-05 23:39:26,614 INFO Stored 27 bars for ^VIX
2026-01-05 23:39:26,614 INFO Fetching ^VVIX...
2026-01-05 23:39:26,769 INFO Stored 30 bars for ^VVIX
2026-01-05 23:39:26,769 INFO Fetching ^MOVE...
2026-01-05 23:39:26,906 INFO Stored 29 bars for ^MOVE
2026-01-05 23:39:26,906 INFO Total bars stored: 86
2026-01-05 23:39:26,915 INFO Latest values:
2026-01-05 23:39:26,916 INFO   IDX_VVIX (2026-01-05): 92.63
2026-01-05 23:39:26,916 INFO   IDX_VIX (2026-01-05): 14.83
2026-01-05 23:39:26,916 INFO   IDX_VIX (2026-01-02): 14.51
2026-01-05 23:39:26,916 INFO   IDX_MOVE (2026-01-02): 62.36
2026-01-05 23:39:26,916 INFO   IDX_VVIX (2026-01-02): 90.10
2026-01-05 23:39:27 [INFO] scheduler: ✅ data_collection.pipelines.vix completed in 2.1s
2026-01-05 23:39:27 [INFO] scheduler: Starting pipeline: data_collection.pipelines.earnings run
usage: earnings.py [-h] [--limit LIMIT]
earnings.py: error: unrecognized arguments: run
2026-01-05 23:39:27 [ERROR] scheduler: ❌ data_collection.pipelines.earnings failed (exit 2)
2026-01-05 23:39:27 [INFO] scheduler: Starting pipeline: data_collection.pipelines.sec_rss run
2026-01-05 23:39:28,377 INFO sec_rss form=8-K entries=40 processed=0 inserted=0 updated=0 skipped_no_accession=0 skipped_no_cik=0 skipped_filtered=40
2026-01-05 23:39:29,060 INFO sec_rss form=SC 13D entries=0 processed=0 inserted=0 updated=0 skipped_no_accession=0 skipped_no_cik=0 skipped_filtered=0
2026-01-05 23:39:29,697 INFO sec_rss form=SC 13D/A entries=0 processed=0 inserted=0 updated=0 skipped_no_accession=0 skipped_no_cik=0 skipped_filtered=0
2026-01-05 23:39:29,699 INFO sec_rss done processed=0 inserted=0 updated=0
2026-01-05 23:39:29 [INFO] scheduler: ✅ data_collection.pipelines.sec_rss completed in 2.2s
2026-01-05 23:39:29 [INFO] scheduler: Starting pipeline: data_collection.pipelines.hourly_bars_auto
2026-01-05 23:39:30,163 [INFO] Got 50 symbols from universe
2026-01-05 23:39:30,163 [INFO] Collecting hourly bars: 2026-01-03 to 2026-01-05
2026-01-05 23:39:30,163 [INFO] Collecting hourly bars for 50 tickers
2026-01-05 23:39:30,163 [INFO] Period: 2026-01-03 to 2026-01-05
2026-01-05 23:39:30,163 [INFO] Fetching hourly data for AAPL: 2026-01-03 to 2026-01-05
2026-01-05 23:39:30,634 [INFO]   AAPL: 2 hourly bars
2026-01-05 23:39:30,660 [INFO]   AAPL: inserted 2 bars
2026-01-05 23:39:30,660 [INFO] Fetching hourly data for ABBV: 2026-01-03 to 2026-01-05
2026-01-05 23:39:30,715 [INFO]   ABBV: 2 hourly bars
2026-01-05 23:39:30,739 [INFO]   ABBV: inserted 2 bars
2026-01-05 23:39:30,739 [INFO] Fetching hourly data for ABT: 2026-01-03 to 2026-01-05
2026-01-05 23:39:30,783 [INFO]   ABT: 2 hourly bars
2026-01-05 23:39:30,804 [INFO]   ABT: inserted 2 bars
2026-01-05 23:39:30,804 [INFO] Fetching hourly data for AMAT: 2026-01-03 to 2026-01-05
2026-01-05 23:39:30,867 [INFO]   AMAT: 2 hourly bars
2026-01-05 23:39:30,888 [INFO]   AMAT: inserted 2 bars
2026-01-05 23:39:30,889 [INFO] Fetching hourly data for AMD: 2026-01-03 to 2026-01-05
2026-01-05 23:39:30,945 [INFO]   AMD: 2 hourly bars
2026-01-05 23:39:30,966 [INFO]   AMD: inserted 2 bars
2026-01-05 23:39:30,966 [INFO] Fetching hourly data for AMZN: 2026-01-03 to 2026-01-05
2026-01-05 23:39:31,015 [INFO]   AMZN: 2 hourly bars
2026-01-05 23:39:31,035 [INFO]   AMZN: inserted 2 bars
2026-01-05 23:39:31,035 [INFO] Fetching hourly data for APP: 2026-01-03 to 2026-01-05
2026-01-05 23:39:31,114 [INFO]   APP: 2 hourly bars
2026-01-05 23:39:31,136 [INFO]   APP: inserted 2 bars
2026-01-05 23:39:31,136 [INFO] Fetching hourly data for AVGO: 2026-01-03 to 2026-01-05
2026-01-05 23:39:31,188 [INFO]   AVGO: 2 hourly bars
2026-01-05 23:39:31,207 [INFO]   AVGO: inserted 2 bars
2026-01-05 23:39:31,207 [INFO] Fetching hourly data for AXP: 2026-01-03 to 2026-01-05
2026-01-05 23:39:31,272 [INFO]   AXP: 2 hourly bars
2026-01-05 23:39:31,290 [INFO]   AXP: inserted 2 bars
2026-01-05 23:39:31,290 [INFO] Fetching hourly data for BAC: 2026-01-03 to 2026-01-05
2026-01-05 23:39:31,355 [INFO]   BAC: 2 hourly bars
2026-01-05 23:39:31,378 [INFO]   BAC: inserted 2 bars
2026-01-05 23:39:31,378 [INFO] Fetching hourly data for BRK.B: 2026-01-03 to 2026-01-05
2026-01-05 23:39:31,762 [ERROR] $BRK.B: possibly delisted; no timezone found
2026-01-05 23:39:31,762 [INFO]   BRK.B: 0 hourly bars
2026-01-05 23:39:31,762 [INFO]   BRK.B: inserted 0 bars
2026-01-05 23:39:31,762 [INFO] Fetching hourly data for C: 2026-01-03 to 2026-01-05
2026-01-05 23:39:31,814 [INFO]   C: 2 hourly bars
2026-01-05 23:39:31,839 [INFO]   C: inserted 2 bars
2026-01-05 23:39:31,839 [INFO] Fetching hourly data for CAT: 2026-01-03 to 2026-01-05
2026-01-05 23:39:31,903 [INFO]   CAT: 2 hourly bars
2026-01-05 23:39:31,925 [INFO]   CAT: inserted 2 bars
2026-01-05 23:39:31,925 [INFO] Fetching hourly data for COST: 2026-01-03 to 2026-01-05
2026-01-05 23:39:31,987 [INFO]   COST: 2 hourly bars
2026-01-05 23:39:32,008 [INFO]   COST: inserted 2 bars
2026-01-05 23:39:32,008 [INFO] Fetching hourly data for CRM: 2026-01-03 to 2026-01-05
2026-01-05 23:39:32,060 [INFO]   CRM: 2 hourly bars
2026-01-05 23:39:32,085 [INFO]   CRM: inserted 2 bars
2026-01-05 23:39:32,085 [INFO] Fetching hourly data for CSCO: 2026-01-03 to 2026-01-05
2026-01-05 23:39:32,133 [INFO]   CSCO: 2 hourly bars
2026-01-05 23:39:32,158 [INFO]   CSCO: inserted 2 bars
2026-01-05 23:39:32,159 [INFO] Fetching hourly data for CVX: 2026-01-03 to 2026-01-05
2026-01-05 23:39:32,213 [INFO]   CVX: 2 hourly bars
2026-01-05 23:39:32,241 [INFO]   CVX: inserted 2 bars
2026-01-05 23:39:32,241 [INFO] Fetching hourly data for GE: 2026-01-03 to 2026-01-05
2026-01-05 23:39:32,287 [INFO]   GE: 2 hourly bars
2026-01-05 23:39:32,305 [INFO]   GE: inserted 2 bars
2026-01-05 23:39:32,305 [INFO] Fetching hourly data for GOOG: 2026-01-03 to 2026-01-05
2026-01-05 23:39:32,364 [INFO]   GOOG: 2 hourly bars
2026-01-05 23:39:32,386 [INFO]   GOOG: inserted 2 bars
2026-01-05 23:39:32,386 [INFO] Fetching hourly data for GOOGL: 2026-01-03 to 2026-01-05
2026-01-05 23:39:32,431 [INFO]   GOOGL: 2 hourly bars
2026-01-05 23:39:32,451 [INFO]   GOOGL: inserted 2 bars
2026-01-05 23:39:32,451 [INFO] Fetching hourly data for GS: 2026-01-03 to 2026-01-05
2026-01-05 23:39:32,495 [INFO]   GS: 2 hourly bars
2026-01-05 23:39:32,510 [INFO]   GS: inserted 2 bars
2026-01-05 23:39:32,510 [INFO] Fetching hourly data for HD: 2026-01-03 to 2026-01-05
2026-01-05 23:39:32,560 [INFO]   HD: 2 hourly bars
2026-01-05 23:39:32,581 [INFO]   HD: inserted 2 bars
2026-01-05 23:39:32,581 [INFO] Fetching hourly data for IBM: 2026-01-03 to 2026-01-05
2026-01-05 23:39:32,634 [INFO]   IBM: 2 hourly bars
2026-01-05 23:39:32,655 [INFO]   IBM: inserted 2 bars
2026-01-05 23:39:32,655 [INFO] Fetching hourly data for JNJ: 2026-01-03 to 2026-01-05
2026-01-05 23:39:32,705 [INFO]   JNJ: 2 hourly bars
2026-01-05 23:39:32,725 [INFO]   JNJ: inserted 2 bars
2026-01-05 23:39:32,725 [INFO] Fetching hourly data for JPM: 2026-01-03 to 2026-01-05
2026-01-05 23:39:32,784 [INFO]   JPM: 2 hourly bars
2026-01-05 23:39:32,804 [INFO]   JPM: inserted 2 bars
2026-01-05 23:39:32,804 [INFO] Fetching hourly data for KO: 2026-01-03 to 2026-01-05
2026-01-05 23:39:32,861 [INFO]   KO: 2 hourly bars
2026-01-05 23:39:32,886 [INFO]   KO: inserted 2 bars
2026-01-05 23:39:32,886 [INFO] Fetching hourly data for LLY: 2026-01-03 to 2026-01-05
2026-01-05 23:39:32,928 [INFO]   LLY: 2 hourly bars
2026-01-05 23:39:32,948 [INFO]   LLY: inserted 2 bars
2026-01-05 23:39:32,948 [INFO] Fetching hourly data for LRCX: 2026-01-03 to 2026-01-05
2026-01-05 23:39:32,990 [INFO]   LRCX: 2 hourly bars
2026-01-05 23:39:33,010 [INFO]   LRCX: inserted 2 bars
2026-01-05 23:39:33,010 [INFO] Fetching hourly data for MA: 2026-01-03 to 2026-01-05
2026-01-05 23:39:33,055 [INFO]   MA: 2 hourly bars
2026-01-05 23:39:33,075 [INFO]   MA: inserted 2 bars
2026-01-05 23:39:33,075 [INFO] Fetching hourly data for MCD: 2026-01-03 to 2026-01-05
2026-01-05 23:39:33,125 [INFO]   MCD: 2 hourly bars
2026-01-05 23:39:33,146 [INFO]   MCD: inserted 2 bars
2026-01-05 23:39:33,146 [INFO] Fetching hourly data for META: 2026-01-03 to 2026-01-05
2026-01-05 23:39:33,193 [INFO]   META: 2 hourly bars
2026-01-05 23:39:33,221 [INFO]   META: inserted 2 bars
2026-01-05 23:39:33,221 [INFO] Fetching hourly data for MRK: 2026-01-03 to 2026-01-05
2026-01-05 23:39:33,279 [INFO]   MRK: 2 hourly bars
2026-01-05 23:39:33,300 [INFO]   MRK: inserted 2 bars
2026-01-05 23:39:33,300 [INFO] Fetching hourly data for MS: 2026-01-03 to 2026-01-05
2026-01-05 23:39:33,344 [INFO]   MS: 2 hourly bars
2026-01-05 23:39:33,366 [INFO]   MS: inserted 2 bars
2026-01-05 23:39:33,367 [INFO] Fetching hourly data for MSFT: 2026-01-03 to 2026-01-05
2026-01-05 23:39:33,418 [INFO]   MSFT: 2 hourly bars
2026-01-05 23:39:33,440 [INFO]   MSFT: inserted 2 bars
2026-01-05 23:39:33,440 [INFO] Fetching hourly data for MU: 2026-01-03 to 2026-01-05
2026-01-05 23:39:33,492 [INFO]   MU: 2 hourly bars
2026-01-05 23:39:33,520 [INFO]   MU: inserted 2 bars
2026-01-05 23:39:33,520 [INFO] Fetching hourly data for NFLX: 2026-01-03 to 2026-01-05
2026-01-05 23:39:33,562 [INFO]   NFLX: 2 hourly bars
2026-01-05 23:39:33,581 [INFO]   NFLX: inserted 2 bars
2026-01-05 23:39:33,581 [INFO] Fetching hourly data for NVDA: 2026-01-03 to 2026-01-05
2026-01-05 23:39:33,631 [INFO]   NVDA: 2 hourly bars
2026-01-05 23:39:33,658 [INFO]   NVDA: inserted 2 bars
2026-01-05 23:39:33,658 [INFO] Fetching hourly data for ORCL: 2026-01-03 to 2026-01-05
2026-01-05 23:39:33,699 [INFO]   ORCL: 2 hourly bars
2026-01-05 23:39:33,718 [INFO]   ORCL: inserted 2 bars
2026-01-05 23:39:33,718 [INFO] Fetching hourly data for PG: 2026-01-03 to 2026-01-05
2026-01-05 23:39:33,759 [INFO]   PG: 2 hourly bars
2026-01-05 23:39:33,781 [INFO]   PG: inserted 2 bars
2026-01-05 23:39:33,781 [INFO] Fetching hourly data for PLTR: 2026-01-03 to 2026-01-05
2026-01-05 23:39:33,829 [INFO]   PLTR: 2 hourly bars
2026-01-05 23:39:33,845 [INFO]   PLTR: inserted 2 bars
2026-01-05 23:39:33,845 [INFO] Fetching hourly data for PM: 2026-01-03 to 2026-01-05
2026-01-05 23:39:33,891 [INFO]   PM: 2 hourly bars
2026-01-05 23:39:33,913 [INFO]   PM: inserted 2 bars
2026-01-05 23:39:33,913 [INFO] Fetching hourly data for RTX: 2026-01-03 to 2026-01-05
2026-01-05 23:39:33,962 [INFO]   RTX: 2 hourly bars
2026-01-05 23:39:33,981 [INFO]   RTX: inserted 2 bars
2026-01-05 23:39:33,981 [INFO] Fetching hourly data for TMO: 2026-01-03 to 2026-01-05
2026-01-05 23:39:34,030 [INFO]   TMO: 2 hourly bars
2026-01-05 23:39:34,052 [INFO]   TMO: inserted 2 bars
2026-01-05 23:39:34,052 [INFO] Fetching hourly data for TMUS: 2026-01-03 to 2026-01-05
2026-01-05 23:39:34,098 [INFO]   TMUS: 2 hourly bars
2026-01-05 23:39:34,120 [INFO]   TMUS: inserted 2 bars
2026-01-05 23:39:34,120 [INFO] Fetching hourly data for TSLA: 2026-01-03 to 2026-01-05
2026-01-05 23:39:34,170 [INFO]   TSLA: 2 hourly bars
2026-01-05 23:39:34,192 [INFO]   TSLA: inserted 2 bars
2026-01-05 23:39:34,192 [INFO] Fetching hourly data for UNH: 2026-01-03 to 2026-01-05
2026-01-05 23:39:34,244 [INFO]   UNH: 2 hourly bars
2026-01-05 23:39:34,264 [INFO]   UNH: inserted 2 bars
2026-01-05 23:39:34,264 [INFO] Fetching hourly data for V: 2026-01-03 to 2026-01-05
2026-01-05 23:39:34,315 [INFO]   V: 2 hourly bars
2026-01-05 23:39:34,335 [INFO]   V: inserted 2 bars
2026-01-05 23:39:34,335 [INFO] Fetching hourly data for WFC: 2026-01-03 to 2026-01-05
2026-01-05 23:39:34,407 [INFO]   WFC: 2 hourly bars
2026-01-05 23:39:34,428 [INFO]   WFC: inserted 2 bars
2026-01-05 23:39:34,428 [INFO] Fetching hourly data for WMT: 2026-01-03 to 2026-01-05
2026-01-05 23:39:34,473 [INFO]   WMT: 2 hourly bars
2026-01-05 23:39:34,496 [INFO]   WMT: inserted 2 bars
2026-01-05 23:39:34,496 [INFO] Fetching hourly data for XOM: 2026-01-03 to 2026-01-05
2026-01-05 23:39:34,540 [INFO]   XOM: 2 hourly bars
2026-01-05 23:39:34,564 [INFO]   XOM: inserted 2 bars
2026-01-05 23:39:34,564 [INFO] Total: 98 hourly bars collected
2026-01-05 23:39:34,564 [INFO] ✅ Collected 98 hourly bars
2026-01-05 23:39:34 [INFO] scheduler: ✅ data_collection.pipelines.hourly_bars_auto completed in 4.9s
2026-01-05 23:39:34 [INFO] scheduler: Starting YFinance news collection...
2026-01-05 23:39:35,098 INFO __main__: Fetching news for 5 symbols
2026-01-05 23:39:35,607 INFO __main__: ABBV: Found 10 news items
2026-01-05 23:39:35,611 INFO __main__: ABBV: Skipping domain: barrons.com
2026-01-05 23:39:35,613 INFO __main__: ABBV: Skipping provider: MT Newswires
2026-01-05 23:39:35,722 INFO __main__: GE: Found 10 news items
2026-01-05 23:39:35,724 INFO __main__: GE: Skipping domain: investors.com
2026-01-05 23:39:35,727 INFO __main__: GE: Skipping domain: investors.com
2026-01-05 23:39:35,835 INFO __main__: GOOG: Found 10 news items
2026-01-05 23:39:35,839 INFO __main__: GOOG: Skipping domain: investors.com
2026-01-05 23:39:35,839 INFO __main__: GOOG: Skipping domain: barrons.com
2026-01-05 23:39:35,840 INFO __main__: GOOG: Skipping provider: MT Newswires
2026-01-05 23:39:35,960 INFO __main__: MA: Found 10 news items
2026-01-05 23:39:36,104 INFO __main__: V: Found 10 news items
2026-01-05 23:39:36,109 INFO __main__: V: Skipping domain: barrons.com
2026-01-05 23:39:36,110 INFO __main__: Collection complete: 0 new, 50 skipped
2026-01-05 23:39:36,127 INFO __main__: No unscored articles found
2026-01-05 23:39:36 [INFO] scheduler: ✅ YFinance news completed in 1.6s
2026-01-05 23:39:36 [INFO] scheduler: ============================================================
2026-01-05 23:39:36 [INFO] scheduler: Startup pipelines completed!
2026-01-05 23:39:36 [INFO] scheduler: ============================================================
2026-01-05 23:39:36 [INFO] apscheduler.scheduler: Adding job tentatively -- it will be properly scheduled when the scheduler starts
2026-01-05 23:39:36 [INFO] apscheduler.scheduler: Adding job tentatively -- it will be properly scheduled when the scheduler starts
2026-01-05 23:39:36 [INFO] apscheduler.scheduler: Adding job tentatively -- it will be properly scheduled when the scheduler starts
2026-01-05 23:39:36 [INFO] apscheduler.scheduler: Adding job tentatively -- it will be properly scheduled when the scheduler starts
2026-01-05 23:39:36 [INFO] apscheduler.scheduler: Adding job tentatively -- it will be properly scheduled when the scheduler starts
2026-01-05 23:39:36 [INFO] apscheduler.scheduler: Adding job tentatively -- it will be properly scheduled when the scheduler starts
2026-01-05 23:39:36 [INFO] apscheduler.scheduler: Adding job tentatively -- it will be properly scheduled when the scheduler starts
2026-01-05 23:39:36 [INFO] apscheduler.scheduler: Adding job tentatively -- it will be properly scheduled when the scheduler starts
2026-01-05 23:39:36 [INFO] apscheduler.scheduler: Adding job tentatively -- it will be properly scheduled when the scheduler starts
2026-01-05 23:39:36 [INFO] apscheduler.scheduler: Adding job tentatively -- it will be properly scheduled when the scheduler starts
2026-01-05 23:39:36 [INFO] apscheduler.scheduler: Adding job tentatively -- it will be properly scheduled when the scheduler starts
2026-01-05 23:39:36 [INFO] apscheduler.scheduler: Adding job tentatively -- it will be properly scheduled when the scheduler starts
2026-01-05 23:39:36 [INFO] apscheduler.scheduler: Adding job tentatively -- it will be properly scheduled when the scheduler starts
2026-01-05 23:39:36 [INFO] scheduler: Scheduled jobs:
2026-01-05 23:39:36 [INFO] scheduler:   - build_watchlist: cron[hour='8', minute='0']
2026-01-05 23:39:36 [INFO] scheduler:   - sec_rss: cron[hour='6-20', minute='*/15']
2026-01-05 23:39:36 [INFO] scheduler:   - earnings: cron[hour='6', minute='0']
2026-01-05 23:39:36 [INFO] scheduler:   - stooq_daily: cron[hour='18', minute='30']
2026-01-05 23:39:36 [INFO] scheduler:   - yfinance_news: cron[hour='*/4', minute='15']
2026-01-05 23:39:36 [INFO] scheduler:   - vix: cron[hour='18', minute='15']
2026-01-05 23:39:36 [INFO] scheduler:   - economic_calendar: cron[hour='7', minute='0']
2026-01-05 23:39:36 [INFO] scheduler:   - xbrl_revenue: cron[day_of_week='sun', hour='2', minute='0']
2026-01-05 23:39:36 [INFO] scheduler:   - sec_edgar: cron[day_of_week='sat', hour='3', minute='0']
2026-01-05 23:39:36 [INFO] scheduler:   - corporate_actions: cron[day_of_week='sun', hour='4', minute='0']
2026-01-05 23:39:36 [INFO] scheduler:   - hourly_bars: cron[day_of_week='mon-fri', hour='10-16', minute='5']
2026-01-05 23:39:36 [INFO] scheduler:   - universe_refresh: cron[day_of_week='mon', hour='1', minute='0']
2026-01-05 23:39:36 [INFO] scheduler:   - sec_ticker_map: cron[day='1', hour='0', minute='0']
2026-01-05 23:39:36 [INFO] scheduler: ------------------------------------------------------------
2026-01-05 23:39:36 [INFO] scheduler: Scheduler running. Press Ctrl+C to stop.
2026-01-05 23:39:36 [INFO] apscheduler.scheduler: Added job "run_pipeline" to job store "default"
2026-01-05 23:39:36 [INFO] apscheduler.scheduler: Added job "run_pipeline" to job store "default"
2026-01-05 23:39:36 [INFO] apscheduler.scheduler: Added job "run_pipeline" to job store "default"
2026-01-05 23:39:36 [INFO] apscheduler.scheduler: Added job "run_pipeline" to job store "default"
2026-01-05 23:39:36 [INFO] apscheduler.scheduler: Added job "run_pipeline" to job store "default"
2026-01-05 23:39:36 [INFO] apscheduler.scheduler: Added job "run_pipeline" to job store "default"
2026-01-05 23:39:36 [INFO] apscheduler.scheduler: Added job "run_pipeline" to job store "default"
2026-01-05 23:39:36 [INFO] apscheduler.scheduler: Added job "run_pipeline" to job store "default"
2026-01-05 23:39:36 [INFO] apscheduler.scheduler: Added job "run_pipeline" to job store "default"
2026-01-05 23:39:36 [INFO] apscheduler.scheduler: Added job "run_pipeline" to job store "default"
2026-01-05 23:39:36 [INFO] apscheduler.scheduler: Added job "run_pipeline" to job store "default"
2026-01-05 23:39:36 [INFO] apscheduler.scheduler: Added job "run_pipeline" to job store "default"
2026-01-05 23:39:36 [INFO] apscheduler.scheduler: Added job "run_pipeline" to job store "default"
2026-01-05 23:39:36 [INFO] apscheduler.scheduler: Scheduler started
2026-01-05 23:45:00 [INFO] apscheduler.executors.default: Running job "run_pipeline (trigger: cron[hour='6-20', minute='*/15'], next run at: 2026-01-05 10:45:00 EST)" (scheduled at 2026-01-05 10:45:00-05:00)
2026-01-05 23:45:00 [INFO] scheduler: Starting pipeline: data_collection.pipelines.sec_rss
usage: sec_rss.py [-h] {run} ...
sec_rss.py: error: the following arguments are required: command
2026-01-05 23:45:00 [ERROR] scheduler: ❌ data_collection.pipelines.sec_rss failed (exit 2)
2026-01-05 23:45:00 [INFO] apscheduler.executors.default: Job "run_pipeline (trigger: cron[hour='6-20', minute='*/15'], next run at: 2026-01-05 11:00:00 EST)" executed successfully
2026-01-06 00:00:00 [INFO] apscheduler.executors.default: Running job "run_pipeline (trigger: cron[hour='6-20', minute='*/15'], next run at: 2026-01-05 11:15:00 EST)" (scheduled at 2026-01-05 11:00:00-05:00)
2026-01-06 00:00:00 [INFO] scheduler: Starting pipeline: data_collection.pipelines.sec_rss
usage: sec_rss.py [-h] {run} ...
sec_rss.py: error: the following arguments are required: command
2026-01-06 00:00:00 [ERROR] scheduler: ❌ data_collection.pipelines.sec_rss failed (exit 2)
2026-01-06 00:00:00 [INFO] apscheduler.executors.default: Job "run_pipeline (trigger: cron[hour='6-20', minute='*/15'], next run at: 2026-01-05 11:15:00 EST)" executed successfully
2026-01-06 00:05:00 [INFO] apscheduler.executors.default: Running job "run_pipeline (trigger: cron[day_of_week='mon-fri', hour='10-16', minute='5'], next run at: 2026-01-05 12:05:00 EST)" (scheduled at 2026-01-05 11:05:00-05:00)
2026-01-06 00:05:00 [INFO] scheduler: Starting pipeline: data_collection.pipelines.hourly_bars_auto
2026-01-06 00:05:00,734 [INFO] Got 50 symbols from universe
2026-01-06 00:05:00,734 [INFO] Collecting hourly bars: 2026-01-04 to 2026-01-06
2026-01-06 00:05:00,734 [INFO] Collecting hourly bars for 50 tickers
2026-01-06 00:05:00,734 [INFO] Period: 2026-01-04 to 2026-01-06
2026-01-06 00:05:00,734 [INFO] Fetching hourly data for AAPL: 2026-01-04 to 2026-01-06
2026-01-06 00:05:01,243 [INFO]   AAPL: 2 hourly bars
2026-01-06 00:05:01,275 [INFO]   AAPL: inserted 2 bars
2026-01-06 00:05:01,275 [INFO] Fetching hourly data for ABBV: 2026-01-04 to 2026-01-06
2026-01-06 00:05:01,325 [INFO]   ABBV: 2 hourly bars
2026-01-06 00:05:01,349 [INFO]   ABBV: inserted 2 bars
2026-01-06 00:05:01,349 [INFO] Fetching hourly data for ABT: 2026-01-04 to 2026-01-06
2026-01-06 00:05:01,416 [INFO]   ABT: 2 hourly bars
2026-01-06 00:05:01,448 [INFO]   ABT: inserted 2 bars
2026-01-06 00:05:01,448 [INFO] Fetching hourly data for AMAT: 2026-01-04 to 2026-01-06
2026-01-06 00:05:01,500 [INFO]   AMAT: 2 hourly bars
2026-01-06 00:05:01,534 [INFO]   AMAT: inserted 2 bars
2026-01-06 00:05:01,534 [INFO] Fetching hourly data for AMD: 2026-01-04 to 2026-01-06
2026-01-06 00:05:01,603 [INFO]   AMD: 2 hourly bars
2026-01-06 00:05:01,634 [INFO]   AMD: inserted 2 bars
2026-01-06 00:05:01,634 [INFO] Fetching hourly data for AMZN: 2026-01-04 to 2026-01-06
2026-01-06 00:05:01,689 [INFO]   AMZN: 2 hourly bars
2026-01-06 00:05:01,713 [INFO]   AMZN: inserted 2 bars
2026-01-06 00:05:01,713 [INFO] Fetching hourly data for APP: 2026-01-04 to 2026-01-06
2026-01-06 00:05:01,791 [INFO]   APP: 2 hourly bars
2026-01-06 00:05:01,815 [INFO]   APP: inserted 2 bars
2026-01-06 00:05:01,815 [INFO] Fetching hourly data for AVGO: 2026-01-04 to 2026-01-06
2026-01-06 00:05:01,882 [INFO]   AVGO: 2 hourly bars
2026-01-06 00:05:01,910 [INFO]   AVGO: inserted 2 bars
2026-01-06 00:05:01,910 [INFO] Fetching hourly data for AXP: 2026-01-04 to 2026-01-06
2026-01-06 00:05:01,969 [INFO]   AXP: 2 hourly bars
2026-01-06 00:05:02,001 [INFO]   AXP: inserted 2 bars
2026-01-06 00:05:02,001 [INFO] Fetching hourly data for BAC: 2026-01-04 to 2026-01-06
2026-01-06 00:05:02,069 [INFO]   BAC: 2 hourly bars
2026-01-06 00:05:02,098 [INFO]   BAC: inserted 2 bars
2026-01-06 00:05:02,098 [INFO] Fetching hourly data for BRK.B: 2026-01-04 to 2026-01-06
2026-01-06 00:05:02,580 [ERROR] $BRK.B: possibly delisted; no timezone found
2026-01-06 00:05:02,581 [INFO]   BRK.B: 0 hourly bars
2026-01-06 00:05:02,581 [INFO]   BRK.B: inserted 0 bars
2026-01-06 00:05:02,581 [INFO] Fetching hourly data for C: 2026-01-04 to 2026-01-06
2026-01-06 00:05:02,642 [INFO]   C: 2 hourly bars
2026-01-06 00:05:02,675 [INFO]   C: inserted 2 bars
2026-01-06 00:05:02,675 [INFO] Fetching hourly data for CAT: 2026-01-04 to 2026-01-06
2026-01-06 00:05:02,729 [INFO]   CAT: 2 hourly bars
2026-01-06 00:05:02,757 [INFO]   CAT: inserted 2 bars
2026-01-06 00:05:02,757 [INFO] Fetching hourly data for COST: 2026-01-04 to 2026-01-06
2026-01-06 00:05:02,829 [INFO]   COST: 2 hourly bars
2026-01-06 00:05:02,857 [INFO]   COST: inserted 2 bars
2026-01-06 00:05:02,857 [INFO] Fetching hourly data for CRM: 2026-01-04 to 2026-01-06
2026-01-06 00:05:02,908 [INFO]   CRM: 2 hourly bars
2026-01-06 00:05:02,936 [INFO]   CRM: inserted 2 bars
2026-01-06 00:05:02,936 [INFO] Fetching hourly data for CSCO: 2026-01-04 to 2026-01-06
2026-01-06 00:05:03,002 [INFO]   CSCO: 2 hourly bars
2026-01-06 00:05:03,034 [INFO]   CSCO: inserted 2 bars
2026-01-06 00:05:03,034 [INFO] Fetching hourly data for CVX: 2026-01-04 to 2026-01-06
2026-01-06 00:05:03,102 [INFO]   CVX: 2 hourly bars
2026-01-06 00:05:03,135 [INFO]   CVX: inserted 2 bars
2026-01-06 00:05:03,135 [INFO] Fetching hourly data for GE: 2026-01-04 to 2026-01-06
2026-01-06 00:05:03,194 [INFO]   GE: 2 hourly bars
2026-01-06 00:05:03,231 [INFO]   GE: inserted 2 bars
2026-01-06 00:05:03,232 [INFO] Fetching hourly data for GOOG: 2026-01-04 to 2026-01-06
2026-01-06 00:05:03,287 [INFO]   GOOG: 2 hourly bars
2026-01-06 00:05:03,317 [INFO]   GOOG: inserted 2 bars
2026-01-06 00:05:03,317 [INFO] Fetching hourly data for GOOGL: 2026-01-04 to 2026-01-06
2026-01-06 00:05:03,381 [INFO]   GOOGL: 2 hourly bars
2026-01-06 00:05:03,410 [INFO]   GOOGL: inserted 2 bars
2026-01-06 00:05:03,410 [INFO] Fetching hourly data for GS: 2026-01-04 to 2026-01-06
2026-01-06 00:05:03,463 [INFO]   GS: 2 hourly bars
2026-01-06 00:05:03,491 [INFO]   GS: inserted 2 bars
2026-01-06 00:05:03,491 [INFO] Fetching hourly data for HD: 2026-01-04 to 2026-01-06
2026-01-06 00:05:03,551 [INFO]   HD: 2 hourly bars
2026-01-06 00:05:03,581 [INFO]   HD: inserted 2 bars
2026-01-06 00:05:03,581 [INFO] Fetching hourly data for IBM: 2026-01-04 to 2026-01-06
2026-01-06 00:05:03,643 [INFO]   IBM: 2 hourly bars
2026-01-06 00:05:03,679 [INFO]   IBM: inserted 2 bars
2026-01-06 00:05:03,679 [INFO] Fetching hourly data for JNJ: 2026-01-04 to 2026-01-06
2026-01-06 00:05:03,740 [INFO]   JNJ: 2 hourly bars
2026-01-06 00:05:03,772 [INFO]   JNJ: inserted 2 bars
2026-01-06 00:05:03,772 [INFO] Fetching hourly data for JPM: 2026-01-04 to 2026-01-06
2026-01-06 00:05:03,825 [INFO]   JPM: 2 hourly bars
2026-01-06 00:05:03,853 [INFO]   JPM: inserted 2 bars
2026-01-06 00:05:03,853 [INFO] Fetching hourly data for KO: 2026-01-04 to 2026-01-06
2026-01-06 00:05:03,909 [INFO]   KO: 2 hourly bars
2026-01-06 00:05:03,937 [INFO]   KO: inserted 2 bars
2026-01-06 00:05:03,937 [INFO] Fetching hourly data for LLY: 2026-01-04 to 2026-01-06
2026-01-06 00:05:04,002 [INFO]   LLY: 2 hourly bars
2026-01-06 00:05:04,033 [INFO]   LLY: inserted 2 bars
2026-01-06 00:05:04,033 [INFO] Fetching hourly data for LRCX: 2026-01-04 to 2026-01-06
2026-01-06 00:05:04,115 [INFO]   LRCX: 2 hourly bars
2026-01-06 00:05:04,144 [INFO]   LRCX: inserted 2 bars
2026-01-06 00:05:04,144 [INFO] Fetching hourly data for MA: 2026-01-04 to 2026-01-06
2026-01-06 00:05:04,204 [INFO]   MA: 2 hourly bars
2026-01-06 00:05:04,237 [INFO]   MA: inserted 2 bars
2026-01-06 00:05:04,237 [INFO] Fetching hourly data for MCD: 2026-01-04 to 2026-01-06
2026-01-06 00:05:04,324 [INFO]   MCD: 2 hourly bars
2026-01-06 00:05:04,356 [INFO]   MCD: inserted 2 bars
2026-01-06 00:05:04,356 [INFO] Fetching hourly data for META: 2026-01-04 to 2026-01-06
2026-01-06 00:05:04,423 [INFO]   META: 2 hourly bars
2026-01-06 00:05:04,459 [INFO]   META: inserted 2 bars
2026-01-06 00:05:04,459 [INFO] Fetching hourly data for MRK: 2026-01-04 to 2026-01-06
2026-01-06 00:05:04,516 [INFO]   MRK: 2 hourly bars
2026-01-06 00:05:04,546 [INFO]   MRK: inserted 2 bars
2026-01-06 00:05:04,546 [INFO] Fetching hourly data for MS: 2026-01-04 to 2026-01-06
2026-01-06 00:05:04,615 [INFO]   MS: 2 hourly bars
2026-01-06 00:05:04,647 [INFO]   MS: inserted 2 bars
2026-01-06 00:05:04,647 [INFO] Fetching hourly data for MSFT: 2026-01-04 to 2026-01-06
2026-01-06 00:05:04,710 [INFO]   MSFT: 2 hourly bars
2026-01-06 00:05:04,742 [INFO]   MSFT: inserted 2 bars
2026-01-06 00:05:04,743 [INFO] Fetching hourly data for MU: 2026-01-04 to 2026-01-06
2026-01-06 00:05:04,801 [INFO]   MU: 2 hourly bars
2026-01-06 00:05:04,831 [INFO]   MU: inserted 2 bars
2026-01-06 00:05:04,831 [INFO] Fetching hourly data for NFLX: 2026-01-04 to 2026-01-06
2026-01-06 00:05:04,893 [INFO]   NFLX: 2 hourly bars
2026-01-06 00:05:04,923 [INFO]   NFLX: inserted 2 bars
2026-01-06 00:05:04,923 [INFO] Fetching hourly data for NVDA: 2026-01-04 to 2026-01-06
2026-01-06 00:05:04,984 [INFO]   NVDA: 2 hourly bars
2026-01-06 00:05:05,017 [INFO]   NVDA: inserted 2 bars
2026-01-06 00:05:05,017 [INFO] Fetching hourly data for ORCL: 2026-01-04 to 2026-01-06
2026-01-06 00:05:05,078 [INFO]   ORCL: 2 hourly bars
2026-01-06 00:05:05,109 [INFO]   ORCL: inserted 2 bars
2026-01-06 00:05:05,109 [INFO] Fetching hourly data for PG: 2026-01-04 to 2026-01-06
2026-01-06 00:05:05,161 [INFO]   PG: 2 hourly bars
2026-01-06 00:05:05,194 [INFO]   PG: inserted 2 bars
2026-01-06 00:05:05,194 [INFO] Fetching hourly data for PLTR: 2026-01-04 to 2026-01-06
2026-01-06 00:05:05,251 [INFO]   PLTR: 2 hourly bars
2026-01-06 00:05:05,285 [INFO]   PLTR: inserted 2 bars
2026-01-06 00:05:05,285 [INFO] Fetching hourly data for PM: 2026-01-04 to 2026-01-06
2026-01-06 00:05:05,354 [INFO]   PM: 2 hourly bars
2026-01-06 00:05:05,385 [INFO]   PM: inserted 2 bars
2026-01-06 00:05:05,385 [INFO] Fetching hourly data for RTX: 2026-01-04 to 2026-01-06
2026-01-06 00:05:05,441 [INFO]   RTX: 2 hourly bars
2026-01-06 00:05:05,473 [INFO]   RTX: inserted 2 bars
2026-01-06 00:05:05,473 [INFO] Fetching hourly data for TMO: 2026-01-04 to 2026-01-06
2026-01-06 00:05:05,538 [INFO]   TMO: 2 hourly bars
2026-01-06 00:05:05,572 [INFO]   TMO: inserted 2 bars
2026-01-06 00:05:05,572 [INFO] Fetching hourly data for TMUS: 2026-01-04 to 2026-01-06
2026-01-06 00:05:05,637 [INFO]   TMUS: 2 hourly bars
2026-01-06 00:05:05,670 [INFO]   TMUS: inserted 2 bars
2026-01-06 00:05:05,670 [INFO] Fetching hourly data for TSLA: 2026-01-04 to 2026-01-06
2026-01-06 00:05:05,739 [INFO]   TSLA: 2 hourly bars
2026-01-06 00:05:05,766 [INFO]   TSLA: inserted 2 bars
2026-01-06 00:05:05,767 [INFO] Fetching hourly data for UNH: 2026-01-04 to 2026-01-06
2026-01-06 00:05:05,824 [INFO]   UNH: 2 hourly bars
2026-01-06 00:05:05,854 [INFO]   UNH: inserted 2 bars
2026-01-06 00:05:05,854 [INFO] Fetching hourly data for V: 2026-01-04 to 2026-01-06
2026-01-06 00:05:05,914 [INFO]   V: 2 hourly bars
2026-01-06 00:05:05,943 [INFO]   V: inserted 2 bars
2026-01-06 00:05:05,943 [INFO] Fetching hourly data for WFC: 2026-01-04 to 2026-01-06
2026-01-06 00:05:06,028 [INFO]   WFC: 2 hourly bars
2026-01-06 00:05:06,065 [INFO]   WFC: inserted 2 bars
2026-01-06 00:05:06,065 [INFO] Fetching hourly data for WMT: 2026-01-04 to 2026-01-06
2026-01-06 00:05:06,147 [INFO]   WMT: 2 hourly bars
2026-01-06 00:05:06,180 [INFO]   WMT: inserted 2 bars
2026-01-06 00:05:06,180 [INFO] Fetching hourly data for XOM: 2026-01-04 to 2026-01-06
2026-01-06 00:05:06,233 [INFO]   XOM: 2 hourly bars
2026-01-06 00:05:06,264 [INFO]   XOM: inserted 2 bars
2026-01-06 00:05:06,264 [INFO] Total: 98 hourly bars collected
2026-01-06 00:05:06,265 [INFO] ✅ Collected 98 hourly bars
2026-01-06 00:05:06 [INFO] scheduler: ✅ data_collection.pipelines.hourly_bars_auto completed in 6.4s
2026-01-06 00:05:06 [INFO] apscheduler.executors.default: Job "run_pipeline (trigger: cron[day_of_week='mon-fri', hour='10-16', minute='5'], next run at: 2026-01-05 12:05:00 EST)" executed successfully
2026-01-06 00:15:00 [INFO] apscheduler.executors.default: Running job "run_pipeline (trigger: cron[hour='6-20', minute='*/15'], next run at: 2026-01-05 11:30:00 EST)" (scheduled at 2026-01-05 11:15:00-05:00)
2026-01-06 00:15:00 [INFO] scheduler: Starting pipeline: data_collection.pipelines.sec_rss
usage: sec_rss.py [-h] {run} ...
sec_rss.py: error: the following arguments are required: command
2026-01-06 00:15:00 [ERROR] scheduler: ❌ data_collection.pipelines.sec_rss failed (exit 2)
2026-01-06 00:15:00 [INFO] apscheduler.executors.default: Job "run_pipeline (trigger: cron[hour='6-20', minute='*/15'], next run at: 2026-01-05 11:30:00 EST)" executed successfully
2026-01-06 00:30:00 [INFO] apscheduler.executors.default: Running job "run_pipeline (trigger: cron[hour='6-20', minute='*/15'], next run at: 2026-01-05 11:45:00 EST)" (scheduled at 2026-01-05 11:30:00-05:00)
2026-01-06 00:30:00 [INFO] scheduler: Starting pipeline: data_collection.pipelines.sec_rss
usage: sec_rss.py [-h] {run} ...
sec_rss.py: error: the following arguments are required: command
2026-01-06 00:30:00 [ERROR] scheduler: ❌ data_collection.pipelines.sec_rss failed (exit 2)
2026-01-06 00:30:00 [INFO] apscheduler.executors.default: Job "run_pipeline (trigger: cron[hour='6-20', minute='*/15'], next run at: 2026-01-05 11:45:00 EST)" executed successfully
2026-01-06 00:45:00 [INFO] apscheduler.executors.default: Running job "run_pipeline (trigger: cron[hour='6-20', minute='*/15'], next run at: 2026-01-05 12:00:00 EST)" (scheduled at 2026-01-05 11:45:00-05:00)
2026-01-06 00:45:00 [INFO] scheduler: Starting pipeline: data_collection.pipelines.sec_rss
usage: sec_rss.py [-h] {run} ...
sec_rss.py: error: the following arguments are required: command
2026-01-06 00:45:00 [ERROR] scheduler: ❌ data_collection.pipelines.sec_rss failed (exit 2)
2026-01-06 00:45:00 [INFO] apscheduler.executors.default: Job "run_pipeline (trigger: cron[hour='6-20', minute='*/15'], next run at: 2026-01-05 12:00:00 EST)" executed successfully
2026-01-06 01:00:00 [INFO] apscheduler.executors.default: Running job "run_pipeline (trigger: cron[hour='6-20', minute='*/15'], next run at: 2026-01-05 12:15:00 EST)" (scheduled at 2026-01-05 12:00:00-05:00)
2026-01-06 01:00:00 [INFO] scheduler: Starting pipeline: data_collection.pipelines.sec_rss
usage: sec_rss.py [-h] {run} ...
sec_rss.py: error: the following arguments are required: command
2026-01-06 01:00:00 [ERROR] scheduler: ❌ data_collection.pipelines.sec_rss failed (exit 2)
2026-01-06 01:00:00 [INFO] apscheduler.executors.default: Job "run_pipeline (trigger: cron[hour='6-20', minute='*/15'], next run at: 2026-01-05 12:15:00 EST)" executed successfully
2026-01-06 01:05:00 [INFO] apscheduler.executors.default: Running job "run_pipeline (trigger: cron[day_of_week='mon-fri', hour='10-16', minute='5'], next run at: 2026-01-05 13:05:00 EST)" (scheduled at 2026-01-05 12:05:00-05:00)
2026-01-06 01:05:00 [INFO] scheduler: Starting pipeline: data_collection.pipelines.hourly_bars_auto
2026-01-06 01:05:00,696 [INFO] Got 50 symbols from universe
2026-01-06 01:05:00,696 [INFO] Collecting hourly bars: 2026-01-04 to 2026-01-06
2026-01-06 01:05:00,696 [INFO] Collecting hourly bars for 50 tickers
2026-01-06 01:05:00,696 [INFO] Period: 2026-01-04 to 2026-01-06
2026-01-06 01:05:00,696 [INFO] Fetching hourly data for AAPL: 2026-01-04 to 2026-01-06
2026-01-06 01:05:01,164 [INFO]   AAPL: 3 hourly bars
2026-01-06 01:05:01,207 [INFO]   AAPL: inserted 3 bars
2026-01-06 01:05:01,207 [INFO] Fetching hourly data for ABBV: 2026-01-04 to 2026-01-06
2026-01-06 01:05:01,253 [INFO]   ABBV: 3 hourly bars
2026-01-06 01:05:01,280 [INFO]   ABBV: inserted 3 bars
2026-01-06 01:05:01,280 [INFO] Fetching hourly data for ABT: 2026-01-04 to 2026-01-06
2026-01-06 01:05:01,328 [INFO]   ABT: 3 hourly bars
2026-01-06 01:05:01,364 [INFO]   ABT: inserted 3 bars
2026-01-06 01:05:01,364 [INFO] Fetching hourly data for AMAT: 2026-01-04 to 2026-01-06
2026-01-06 01:05:01,418 [INFO]   AMAT: 3 hourly bars
2026-01-06 01:05:01,446 [INFO]   AMAT: inserted 3 bars
2026-01-06 01:05:01,447 [INFO] Fetching hourly data for AMD: 2026-01-04 to 2026-01-06
2026-01-06 01:05:01,531 [INFO]   AMD: 3 hourly bars
2026-01-06 01:05:01,572 [INFO]   AMD: inserted 3 bars
2026-01-06 01:05:01,572 [INFO] Fetching hourly data for AMZN: 2026-01-04 to 2026-01-06
2026-01-06 01:05:01,636 [INFO]   AMZN: 3 hourly bars
2026-01-06 01:05:01,667 [INFO]   AMZN: inserted 3 bars
2026-01-06 01:05:01,667 [INFO] Fetching hourly data for APP: 2026-01-04 to 2026-01-06
2026-01-06 01:05:01,751 [INFO]   APP: 3 hourly bars
2026-01-06 01:05:01,787 [INFO]   APP: inserted 3 bars
2026-01-06 01:05:01,788 [INFO] Fetching hourly data for AVGO: 2026-01-04 to 2026-01-06
2026-01-06 01:05:01,834 [INFO]   AVGO: 3 hourly bars
2026-01-06 01:05:01,851 [INFO]   AVGO: inserted 3 bars
2026-01-06 01:05:01,851 [INFO] Fetching hourly data for AXP: 2026-01-04 to 2026-01-06
2026-01-06 01:05:01,893 [INFO]   AXP: 3 hourly bars
2026-01-06 01:05:01,911 [INFO]   AXP: inserted 3 bars
2026-01-06 01:05:01,911 [INFO] Fetching hourly data for BAC: 2026-01-04 to 2026-01-06
2026-01-06 01:05:01,957 [INFO]   BAC: 3 hourly bars
2026-01-06 01:05:01,976 [INFO]   BAC: inserted 3 bars
2026-01-06 01:05:01,976 [INFO] Fetching hourly data for BRK.B: 2026-01-04 to 2026-01-06
2026-01-06 01:05:02,391 [ERROR] $BRK.B: possibly delisted; no timezone found
2026-01-06 01:05:02,392 [INFO]   BRK.B: 0 hourly bars
2026-01-06 01:05:02,393 [INFO]   BRK.B: inserted 0 bars
2026-01-06 01:05:02,393 [INFO] Fetching hourly data for C: 2026-01-04 to 2026-01-06
2026-01-06 01:05:02,462 [INFO]   C: 3 hourly bars
2026-01-06 01:05:02,498 [INFO]   C: inserted 3 bars
2026-01-06 01:05:02,498 [INFO] Fetching hourly data for CAT: 2026-01-04 to 2026-01-06
2026-01-06 01:05:02,570 [INFO]   CAT: 3 hourly bars
2026-01-06 01:05:02,599 [INFO]   CAT: inserted 3 bars
2026-01-06 01:05:02,599 [INFO] Fetching hourly data for COST: 2026-01-04 to 2026-01-06
2026-01-06 01:05:02,648 [INFO]   COST: 3 hourly bars
2026-01-06 01:05:02,682 [INFO]   COST: inserted 3 bars
2026-01-06 01:05:02,682 [INFO] Fetching hourly data for CRM: 2026-01-04 to 2026-01-06
2026-01-06 01:05:02,732 [INFO]   CRM: 3 hourly bars
2026-01-06 01:05:02,763 [INFO]   CRM: inserted 3 bars
2026-01-06 01:05:02,763 [INFO] Fetching hourly data for CSCO: 2026-01-04 to 2026-01-06
2026-01-06 01:05:02,816 [INFO]   CSCO: 3 hourly bars
2026-01-06 01:05:02,849 [INFO]   CSCO: inserted 3 bars
2026-01-06 01:05:02,849 [INFO] Fetching hourly data for CVX: 2026-01-04 to 2026-01-06
2026-01-06 01:05:02,912 [INFO]   CVX: 3 hourly bars
2026-01-06 01:05:02,943 [INFO]   CVX: inserted 3 bars
2026-01-06 01:05:02,943 [INFO] Fetching hourly data for GE: 2026-01-04 to 2026-01-06
2026-01-06 01:05:03,016 [INFO]   GE: 3 hourly bars
2026-01-06 01:05:03,049 [INFO]   GE: inserted 3 bars
2026-01-06 01:05:03,049 [INFO] Fetching hourly data for GOOG: 2026-01-04 to 2026-01-06
2026-01-06 01:05:03,112 [INFO]   GOOG: 3 hourly bars
2026-01-06 01:05:03,148 [INFO]   GOOG: inserted 3 bars
2026-01-06 01:05:03,148 [INFO] Fetching hourly data for GOOGL: 2026-01-04 to 2026-01-06
2026-01-06 01:05:03,207 [INFO]   GOOGL: 3 hourly bars
2026-01-06 01:05:03,243 [INFO]   GOOGL: inserted 3 bars
2026-01-06 01:05:03,243 [INFO] Fetching hourly data for GS: 2026-01-04 to 2026-01-06
2026-01-06 01:05:03,308 [INFO]   GS: 3 hourly bars
2026-01-06 01:05:03,342 [INFO]   GS: inserted 3 bars
2026-01-06 01:05:03,342 [INFO] Fetching hourly data for HD: 2026-01-04 to 2026-01-06
2026-01-06 01:05:03,391 [INFO]   HD: 3 hourly bars
2026-01-06 01:05:03,416 [INFO]   HD: inserted 3 bars
2026-01-06 01:05:03,416 [INFO] Fetching hourly data for IBM: 2026-01-04 to 2026-01-06
2026-01-06 01:05:03,468 [INFO]   IBM: 3 hourly bars
2026-01-06 01:05:03,495 [INFO]   IBM: inserted 3 bars
2026-01-06 01:05:03,495 [INFO] Fetching hourly data for JNJ: 2026-01-04 to 2026-01-06
2026-01-06 01:05:03,550 [INFO]   JNJ: 3 hourly bars
2026-01-06 01:05:03,586 [INFO]   JNJ: inserted 3 bars
2026-01-06 01:05:03,587 [INFO] Fetching hourly data for JPM: 2026-01-04 to 2026-01-06
2026-01-06 01:05:03,636 [INFO]   JPM: 3 hourly bars
2026-01-06 01:05:03,668 [INFO]   JPM: inserted 3 bars
2026-01-06 01:05:03,668 [INFO] Fetching hourly data for KO: 2026-01-04 to 2026-01-06
2026-01-06 01:05:03,714 [INFO]   KO: 3 hourly bars
2026-01-06 01:05:03,747 [INFO]   KO: inserted 3 bars
2026-01-06 01:05:03,747 [INFO] Fetching hourly data for LLY: 2026-01-04 to 2026-01-06
2026-01-06 01:05:03,802 [INFO]   LLY: 3 hourly bars
2026-01-06 01:05:03,834 [INFO]   LLY: inserted 3 bars
2026-01-06 01:05:03,834 [INFO] Fetching hourly data for LRCX: 2026-01-04 to 2026-01-06
2026-01-06 01:05:03,893 [INFO]   LRCX: 3 hourly bars
2026-01-06 01:05:03,923 [INFO]   LRCX: inserted 3 bars
2026-01-06 01:05:03,923 [INFO] Fetching hourly data for MA: 2026-01-04 to 2026-01-06
2026-01-06 01:05:03,995 [INFO]   MA: 3 hourly bars
2026-01-06 01:05:04,030 [INFO]   MA: inserted 3 bars
2026-01-06 01:05:04,030 [INFO] Fetching hourly data for MCD: 2026-01-04 to 2026-01-06
2026-01-06 01:05:04,086 [INFO]   MCD: 3 hourly bars
2026-01-06 01:05:04,116 [INFO]   MCD: inserted 3 bars
2026-01-06 01:05:04,116 [INFO] Fetching hourly data for META: 2026-01-04 to 2026-01-06
2026-01-06 01:05:04,177 [INFO]   META: 3 hourly bars
2026-01-06 01:05:04,209 [INFO]   META: inserted 3 bars
2026-01-06 01:05:04,209 [INFO] Fetching hourly data for MRK: 2026-01-04 to 2026-01-06
2026-01-06 01:05:04,263 [INFO]   MRK: 3 hourly bars
2026-01-06 01:05:04,293 [INFO]   MRK: inserted 3 bars
2026-01-06 01:05:04,293 [INFO] Fetching hourly data for MS: 2026-01-04 to 2026-01-06
2026-01-06 01:05:04,343 [INFO]   MS: 3 hourly bars
2026-01-06 01:05:04,383 [INFO]   MS: inserted 3 bars
2026-01-06 01:05:04,383 [INFO] Fetching hourly data for MSFT: 2026-01-04 to 2026-01-06
2026-01-06 01:05:04,430 [INFO]   MSFT: 3 hourly bars
2026-01-06 01:05:04,463 [INFO]   MSFT: inserted 3 bars
2026-01-06 01:05:04,463 [INFO] Fetching hourly data for MU: 2026-01-04 to 2026-01-06
2026-01-06 01:05:04,514 [INFO]   MU: 3 hourly bars
2026-01-06 01:05:04,545 [INFO]   MU: inserted 3 bars
2026-01-06 01:05:04,545 [INFO] Fetching hourly data for NFLX: 2026-01-04 to 2026-01-06
2026-01-06 01:05:04,606 [INFO]   NFLX: 3 hourly bars
2026-01-06 01:05:04,642 [INFO]   NFLX: inserted 3 bars
2026-01-06 01:05:04,642 [INFO] Fetching hourly data for NVDA: 2026-01-04 to 2026-01-06
2026-01-06 01:05:04,694 [INFO]   NVDA: 3 hourly bars
2026-01-06 01:05:04,726 [INFO]   NVDA: inserted 3 bars
2026-01-06 01:05:04,726 [INFO] Fetching hourly data for ORCL: 2026-01-04 to 2026-01-06
2026-01-06 01:05:04,781 [INFO]   ORCL: 3 hourly bars
2026-01-06 01:05:04,813 [INFO]   ORCL: inserted 3 bars
2026-01-06 01:05:04,813 [INFO] Fetching hourly data for PG: 2026-01-04 to 2026-01-06
2026-01-06 01:05:04,864 [INFO]   PG: 3 hourly bars
2026-01-06 01:05:04,898 [INFO]   PG: inserted 3 bars
2026-01-06 01:05:04,898 [INFO] Fetching hourly data for PLTR: 2026-01-04 to 2026-01-06
2026-01-06 01:05:04,944 [INFO]   PLTR: 3 hourly bars
2026-01-06 01:05:04,973 [INFO]   PLTR: inserted 3 bars
2026-01-06 01:05:04,973 [INFO] Fetching hourly data for PM: 2026-01-04 to 2026-01-06
2026-01-06 01:05:05,018 [INFO]   PM: 3 hourly bars
2026-01-06 01:05:05,053 [INFO]   PM: inserted 3 bars
2026-01-06 01:05:05,053 [INFO] Fetching hourly data for RTX: 2026-01-04 to 2026-01-06
2026-01-06 01:05:05,106 [INFO]   RTX: 3 hourly bars
2026-01-06 01:05:05,147 [INFO]   RTX: inserted 3 bars
2026-01-06 01:05:05,147 [INFO] Fetching hourly data for TMO: 2026-01-04 to 2026-01-06
2026-01-06 01:05:05,194 [INFO]   TMO: 3 hourly bars
2026-01-06 01:05:05,230 [INFO]   TMO: inserted 3 bars
2026-01-06 01:05:05,230 [INFO] Fetching hourly data for TMUS: 2026-01-04 to 2026-01-06
2026-01-06 01:05:05,282 [INFO]   TMUS: 3 hourly bars
2026-01-06 01:05:05,306 [INFO]   TMUS: inserted 3 bars
2026-01-06 01:05:05,306 [INFO] Fetching hourly data for TSLA: 2026-01-04 to 2026-01-06
2026-01-06 01:05:05,354 [INFO]   TSLA: 3 hourly bars
2026-01-06 01:05:05,392 [INFO]   TSLA: inserted 3 bars
2026-01-06 01:05:05,393 [INFO] Fetching hourly data for UNH: 2026-01-04 to 2026-01-06
2026-01-06 01:05:05,444 [INFO]   UNH: 3 hourly bars
2026-01-06 01:05:05,473 [INFO]   UNH: inserted 3 bars
2026-01-06 01:05:05,473 [INFO] Fetching hourly data for V: 2026-01-04 to 2026-01-06
2026-01-06 01:05:05,525 [INFO]   V: 3 hourly bars
2026-01-06 01:05:05,562 [INFO]   V: inserted 3 bars
2026-01-06 01:05:05,562 [INFO] Fetching hourly data for WFC: 2026-01-04 to 2026-01-06
2026-01-06 01:05:05,618 [INFO]   WFC: 3 hourly bars
2026-01-06 01:05:05,653 [INFO]   WFC: inserted 3 bars
2026-01-06 01:05:05,653 [INFO] Fetching hourly data for WMT: 2026-01-04 to 2026-01-06
2026-01-06 01:05:05,706 [INFO]   WMT: 3 hourly bars
2026-01-06 01:05:05,741 [INFO]   WMT: inserted 3 bars
2026-01-06 01:05:05,741 [INFO] Fetching hourly data for XOM: 2026-01-04 to 2026-01-06
2026-01-06 01:05:05,793 [INFO]   XOM: 3 hourly bars
2026-01-06 01:05:05,822 [INFO]   XOM: inserted 3 bars
2026-01-06 01:05:05,822 [INFO] Total: 147 hourly bars collected
2026-01-06 01:05:05,822 [INFO] ✅ Collected 147 hourly bars
2026-01-06 01:05:05 [INFO] scheduler: ✅ data_collection.pipelines.hourly_bars_auto completed in 5.9s
2026-01-06 01:05:05 [INFO] apscheduler.executors.default: Job "run_pipeline (trigger: cron[day_of_week='mon-fri', hour='10-16', minute='5'], next run at: 2026-01-05 13:05:00 EST)" executed successfully
2026-01-06 01:15:00 [INFO] apscheduler.executors.default: Running job "run_pipeline (trigger: cron[hour='6-20', minute='*/15'], next run at: 2026-01-05 12:30:00 EST)" (scheduled at 2026-01-05 12:15:00-05:00)
2026-01-06 01:15:00 [INFO] apscheduler.executors.default: Running job "run_pipeline (trigger: cron[hour='*/4', minute='15'], next run at: 2026-01-05 16:15:00 EST)" (scheduled at 2026-01-05 12:15:00-05:00)
2026-01-06 01:15:00 [INFO] scheduler: Starting pipeline: data_collection.pipelines.sec_rss
2026-01-06 01:15:00 [INFO] scheduler: Starting pipeline: data_collection.pipelines.yfinance_news
usage: sec_rss.py [-h] {run} ...
sec_rss.py: error: the following arguments are required: command
2026-01-06 01:15:00 [ERROR] scheduler: ❌ data_collection.pipelines.sec_rss failed (exit 2)
2026-01-06 01:15:00 [INFO] apscheduler.executors.default: Job "run_pipeline (trigger: cron[hour='6-20', minute='*/15'], next run at: 2026-01-05 12:30:00 EST)" executed successfully
2026-01-06 01:15:00,563 INFO __main__: Fetching news for 5 symbols
2026-01-06 01:15:01,062 INFO __main__: ABBV: Found 10 news items
2026-01-06 01:15:01,077 INFO data_collection.pipelines.cdp_browser: Launching browser on port 9222 (headless=True)...
2026-01-06 01:15:02,094 INFO data_collection.pipelines.cdp_browser: Browser ready on port 9222
2026-01-06 01:15:03,170 INFO httpx: HTTP Request: GET http://localhost:9222/json/version "HTTP/1.1 200 OK"
2026-01-06 01:15:03,869 INFO data_collection.pipelines.cdp_browser: CDP browser fully connected
2026-01-06 01:15:07,199 WARNING data_collection.pipelines.cdp_sync: Detected bot blocking phrase: 'enable javascript and cookies'
2026-01-06 01:15:07,199 WARNING __main__: ABBV: CDP fetch failed for https://247wallst.com/investing/2026/01/05/the-tiny-1-3b-high-yield-etf-that-retirees-should-consider-now-dhs/: bot_blocked
2026-01-06 01:15:07,213 INFO __main__: ABBV: Saved 'The Tiny $1.3b High Yield ETF That Retirees Should...' (doc_id: 418)
2026-01-06 01:15:07,215 INFO __main__: ABBV: Skipping domain: barrons.com
2026-01-06 01:15:07,217 INFO __main__: ABBV: Skipping provider: MT Newswires
2026-01-06 01:15:07,324 INFO __main__: GE: Found 10 news items
2026-01-06 01:15:07,328 INFO __main__: GE: Skipping domain: investors.com
2026-01-06 01:15:07,330 INFO __main__: GE: Skipping domain: investors.com
2026-01-06 01:15:07,433 INFO __main__: GOOG: Found 10 news items
2026-01-06 01:15:10,992 INFO __main__: GOOG: Saved 'Alphabet Ramps Up AI Chip Patents to Curb Nvidia D...' (doc_id: 419)
2026-01-06 01:15:10,993 INFO __main__: GOOG: Skipping domain: investors.com
2026-01-06 01:15:13,658 INFO __main__: GOOG: Saved 'How Alphabet’s Pentagon‑Backed AI Push and Interse...' (doc_id: 420)
2026-01-06 01:15:13,659 INFO __main__: GOOG: Skipping domain: barrons.com
2026-01-06 01:15:16,121 INFO __main__: GOOG: Saved 'The AI Software Story ‘Isn’t Dead.’ Consider This ...' (doc_id: 421)
2026-01-06 01:15:16,241 INFO __main__: MA: Found 10 news items
2026-01-06 01:15:16,354 INFO __main__: V: Found 10 news items
2026-01-06 01:15:16,356 INFO __main__: V: Skipping domain: barrons.com
2026-01-06 01:15:16,357 INFO __main__: Collection complete: 4 new, 46 skipped
2026-01-06 01:15:16,491 INFO __main__: Scoring 4 articles with FinBERT...
Device set to use mps:0
2026-01-06 01:15:21,812 INFO __main__: Scored doc_id 421: 0.00 - 'The AI Software Story ‘Isn’t Dead.’ Consider This ...'
2026-01-06 01:15:22,011 INFO __main__: Scored doc_id 420: 1.37 - 'How Alphabet’s Pentagon‑Backed AI Push and Interse...'
2026-01-06 01:15:22,097 INFO __main__: Scored doc_id 419: 3.73 - 'Alphabet Ramps Up AI Chip Patents to Curb Nvidia D...'
2026-01-06 01:15:22,135 INFO __main__: Scored doc_id 418: 0.00 - 'The Tiny $1.3b High Yield ETF That Retirees Should...'
2026-01-06 01:15:22,135 INFO __main__: Scoring complete: 4/4 articles
2026-01-06 01:15:22 [INFO] scheduler: ✅ data_collection.pipelines.yfinance_news completed in 22.9s
2026-01-06 01:15:22 [INFO] apscheduler.executors.default: Job "run_pipeline (trigger: cron[hour='*/4', minute='15'], next run at: 2026-01-05 16:15:00 EST)" executed successfully
2026-01-06 01:30:00 [INFO] apscheduler.executors.default: Running job "run_pipeline (trigger: cron[hour='6-20', minute='*/15'], next run at: 2026-01-05 12:45:00 EST)" (scheduled at 2026-01-05 12:30:00-05:00)
2026-01-06 01:30:00 [INFO] scheduler: Starting pipeline: data_collection.pipelines.sec_rss
usage: sec_rss.py [-h] {run} ...
sec_rss.py: error: the following arguments are required: command
2026-01-06 01:30:00 [ERROR] scheduler: ❌ data_collection.pipelines.sec_rss failed (exit 2)
2026-01-06 01:30:00 [INFO] apscheduler.executors.default: Job "run_pipeline (trigger: cron[hour='6-20', minute='*/15'], next run at: 2026-01-05 12:45:00 EST)" executed successfully
2026-01-06 01:45:00 [INFO] apscheduler.executors.default: Running job "run_pipeline (trigger: cron[hour='6-20', minute='*/15'], next run at: 2026-01-05 13:00:00 EST)" (scheduled at 2026-01-05 12:45:00-05:00)
2026-01-06 01:45:00 [INFO] scheduler: Starting pipeline: data_collection.pipelines.sec_rss
usage: sec_rss.py [-h] {run} ...
sec_rss.py: error: the following arguments are required: command
2026-01-06 01:45:00 [ERROR] scheduler: ❌ data_collection.pipelines.sec_rss failed (exit 2)
2026-01-06 01:45:00 [INFO] apscheduler.executors.default: Job "run_pipeline (trigger: cron[hour='6-20', minute='*/15'], next run at: 2026-01-05 13:00:00 EST)" executed successfully
2026-01-06 02:00:00 [INFO] apscheduler.executors.default: Running job "run_pipeline (trigger: cron[hour='6-20', minute='*/15'], next run at: 2026-01-05 13:15:00 EST)" (scheduled at 2026-01-05 13:00:00-05:00)
2026-01-06 02:00:00 [INFO] scheduler: Starting pipeline: data_collection.pipelines.sec_rss
2026-01-06 02:00:00,722 INFO sec_rss form=8-K entries=40 processed=0 inserted=0 updated=0 skipped_no_accession=0 skipped_no_cik=0 skipped_filtered=40
2026-01-06 02:00:01,938 INFO sec_rss form=SC 13D entries=0 processed=0 inserted=0 updated=0 skipped_no_accession=0 skipped_no_cik=0 skipped_filtered=0
2026-01-06 02:00:03,567 INFO sec_rss form=SC 13D/A entries=0 processed=0 inserted=0 updated=0 skipped_no_accession=0 skipped_no_cik=0 skipped_filtered=0
2026-01-06 02:00:03,569 INFO sec_rss done processed=0 inserted=0 updated=0
2026-01-06 02:00:03 [INFO] scheduler: ✅ data_collection.pipelines.sec_rss completed in 3.6s
2026-01-06 02:00:03 [INFO] apscheduler.executors.default: Job "run_pipeline (trigger: cron[hour='6-20', minute='*/15'], next run at: 2026-01-05 13:15:00 EST)" executed successfully
2026-01-06 08:41:05 [WARNING] apscheduler.executors.default: Run time of job "run_pipeline (trigger: cron[day_of_week='mon-fri', hour='10-16', minute='5'], next run at: 2026-01-06 10:05:00 EST)" was missed by 3:36:05.106591
2026-01-06 08:41:05 [WARNING] apscheduler.executors.default: Run time of job "run_pipeline (trigger: cron[hour='6-20', minute='*/15'], next run at: 2026-01-05 19:45:00 EST)" was missed by 0:11:05.106993
2026-01-06 08:41:05 [WARNING] apscheduler.executors.default: Run time of job "run_pipeline (trigger: cron[hour='*/4', minute='15'], next run at: 2026-01-05 20:15:00 EST)" was missed by 3:26:05.107077
2026-01-06 08:41:05 [WARNING] apscheduler.executors.default: Run time of job "run_pipeline (trigger: cron[hour='18', minute='15'], next run at: 2026-01-06 18:15:00 EST)" was missed by 1:26:05.107623
2026-01-06 08:41:05 [WARNING] apscheduler.executors.default: Run time of job "run_pipeline (trigger: cron[hour='18', minute='30'], next run at: 2026-01-06 18:30:00 EST)" was missed by 1:11:05.108443
2026-01-06 10:11:03 [WARNING] apscheduler.executors.default: Run time of job "run_pipeline (trigger: cron[hour='6-20', minute='*/15'], next run at: 2026-01-06 06:00:00 EST)" was missed by 0:26:03.774310
2026-01-06 10:11:03 [WARNING] apscheduler.executors.default: Run time of job "run_pipeline (trigger: cron[hour='*/4', minute='15'], next run at: 2026-01-06 00:15:00 EST)" was missed by 0:56:03.775127
2026-01-07 11:02:47 [WARNING] apscheduler.executors.default: Run time of job "run_pipeline (trigger: cron[hour='*/4', minute='15'], next run at: 2026-01-07 00:15:00 EST)" was missed by 1:47:47.470328
2026-01-07 11:02:47 [WARNING] apscheduler.executors.default: Run time of job "run_pipeline (trigger: cron[hour='6', minute='0'], next run at: 2026-01-07 06:00:00 EST)" was missed by 16:02:47.471033
2026-01-07 11:02:47 [WARNING] apscheduler.executors.default: Run time of job "run_pipeline (trigger: cron[hour='6-20', minute='*/15'], next run at: 2026-01-07 06:00:00 EST)" was missed by 1:17:47.471100
2026-01-07 11:02:47 [WARNING] apscheduler.executors.default: Run time of job "run_pipeline (trigger: cron[hour='7', minute='0'], next run at: 2026-01-07 07:00:00 EST)" was missed by 15:02:47.471781
2026-01-07 11:02:47 [WARNING] apscheduler.executors.default: Run time of job "run_pipeline (trigger: cron[hour='8', minute='0'], next run at: 2026-01-07 08:00:00 EST)" was missed by 14:02:47.471951
2026-01-07 11:02:47 [WARNING] apscheduler.executors.default: Run time of job "run_pipeline (trigger: cron[day_of_week='mon-fri', hour='10-16', minute='5'], next run at: 2026-01-07 10:05:00 EST)" was missed by 5:57:47.472443
2026-01-07 11:02:47 [WARNING] apscheduler.executors.default: Run time of job "run_pipeline (trigger: cron[hour='18', minute='15'], next run at: 2026-01-07 18:15:00 EST)" was missed by 3:47:47.472847
2026-01-07 11:02:47 [WARNING] apscheduler.executors.default: Run time of job "run_pipeline (trigger: cron[hour='18', minute='30'], next run at: 2026-01-07 18:30:00 EST)" was missed by 3:32:47.473245
2026-01-07 13:40:53 [WARNING] apscheduler.executors.default: Run time of job "run_pipeline (trigger: cron[hour='*/4', minute='15'], next run at: 2026-01-07 04:15:00 EST)" was missed by 0:25:53.682691
2026-01-07 22:51:40 [WARNING] apscheduler.executors.default: Run time of job "run_pipeline (trigger: cron[hour='*/4', minute='15'], next run at: 2026-01-07 12:15:00 EST)" was missed by 1:36:40.534620
2026-01-07 22:51:40 [WARNING] apscheduler.executors.default: Run time of job "run_pipeline (trigger: cron[hour='6', minute='0'], next run at: 2026-01-08 06:00:00 EST)" was missed by 3:51:40.535359
2026-01-07 22:51:40 [WARNING] apscheduler.executors.default: Run time of job "run_pipeline (trigger: cron[hour='6-20', minute='*/15'], next run at: 2026-01-07 10:00:00 EST)" was missed by 0:06:40.535466
2026-01-07 22:51:40 [WARNING] apscheduler.executors.default: Run time of job "run_pipeline (trigger: cron[hour='7', minute='0'], next run at: 2026-01-08 07:00:00 EST)" was missed by 2:51:40.535530
2026-01-07 22:51:40 [WARNING] apscheduler.executors.default: Run time of job "run_pipeline (trigger: cron[hour='8', minute='0'], next run at: 2026-01-08 08:00:00 EST)" was missed by 1:51:40.535572
2026-01-07 23:00:00 [INFO] apscheduler.executors.default: Running job "run_pipeline (trigger: cron[hour='6-20', minute='*/15'], next run at: 2026-01-07 10:15:00 EST)" (scheduled at 2026-01-07 10:00:00-05:00)
2026-01-07 23:00:00 [INFO] scheduler: Starting pipeline: data_collection.pipelines.sec_rss
2026-01-07 23:00:01,240 INFO sec_rss form=8-K entries=40 processed=0 inserted=0 updated=0 skipped_no_accession=0 skipped_no_cik=0 skipped_filtered=40
2026-01-07 23:00:02,013 INFO sec_rss form=SC 13D entries=0 processed=0 inserted=0 updated=0 skipped_no_accession=0 skipped_no_cik=0 skipped_filtered=0
2026-01-07 23:00:03,517 INFO sec_rss form=SC 13D/A entries=0 processed=0 inserted=0 updated=0 skipped_no_accession=0 skipped_no_cik=0 skipped_filtered=0
2026-01-07 23:00:03,518 INFO sec_rss done processed=0 inserted=0 updated=0
2026-01-07 23:00:03 [INFO] scheduler: ✅ data_collection.pipelines.sec_rss completed in 3.6s
2026-01-07 23:00:03 [INFO] apscheduler.executors.default: Job "run_pipeline (trigger: cron[hour='6-20', minute='*/15'], next run at: 2026-01-07 10:15:00 EST)" executed successfully
2026-01-07 23:05:00 [INFO] apscheduler.executors.default: Running job "run_pipeline (trigger: cron[day_of_week='mon-fri', hour='10-16', minute='5'], next run at: 2026-01-07 11:05:00 EST)" (scheduled at 2026-01-07 10:05:00-05:00)
2026-01-07 23:05:00 [INFO] scheduler: Starting pipeline: data_collection.pipelines.hourly_bars_auto
2026-01-07 23:05:00,785 [INFO] Got 50 symbols from universe
2026-01-07 23:05:00,786 [INFO] Collecting hourly bars: 2026-01-05 to 2026-01-07
2026-01-07 23:05:00,786 [INFO] Collecting hourly bars for 50 tickers
2026-01-07 23:05:00,786 [INFO] Period: 2026-01-05 to 2026-01-07
2026-01-07 23:05:00,786 [INFO] Fetching hourly data for AAPL: 2026-01-05 to 2026-01-07
2026-01-07 23:05:01,442 [INFO]   AAPL: 15 hourly bars
2026-01-07 23:05:01,481 [INFO]   AAPL: inserted 15 bars
2026-01-07 23:05:01,481 [INFO] Fetching hourly data for ABBV: 2026-01-05 to 2026-01-07
2026-01-07 23:05:01,582 [INFO]   ABBV: 15 hourly bars
2026-01-07 23:05:01,630 [INFO]   ABBV: inserted 15 bars
2026-01-07 23:05:01,630 [INFO] Fetching hourly data for ABT: 2026-01-05 to 2026-01-07
2026-01-07 23:05:01,677 [INFO]   ABT: 15 hourly bars
2026-01-07 23:05:01,693 [INFO]   ABT: inserted 15 bars
2026-01-07 23:05:01,693 [INFO] Fetching hourly data for AMAT: 2026-01-05 to 2026-01-07
2026-01-07 23:05:01,753 [INFO]   AMAT: 15 hourly bars
2026-01-07 23:05:01,776 [INFO]   AMAT: inserted 15 bars
2026-01-07 23:05:01,776 [INFO] Fetching hourly data for AMD: 2026-01-05 to 2026-01-07
2026-01-07 23:05:01,823 [INFO]   AMD: 15 hourly bars
2026-01-07 23:05:01,844 [INFO]   AMD: inserted 15 bars
2026-01-07 23:05:01,844 [INFO] Fetching hourly data for AMZN: 2026-01-05 to 2026-01-07
2026-01-07 23:05:01,891 [INFO]   AMZN: 15 hourly bars
2026-01-07 23:05:01,931 [INFO]   AMZN: inserted 15 bars
2026-01-07 23:05:01,931 [INFO] Fetching hourly data for APP: 2026-01-05 to 2026-01-07
2026-01-07 23:05:01,995 [INFO]   APP: 15 hourly bars
2026-01-07 23:05:02,023 [INFO]   APP: inserted 15 bars
2026-01-07 23:05:02,024 [INFO] Fetching hourly data for AVGO: 2026-01-05 to 2026-01-07
2026-01-07 23:05:02,101 [INFO]   AVGO: 15 hourly bars
2026-01-07 23:05:02,117 [INFO]   AVGO: inserted 15 bars
2026-01-07 23:05:02,117 [INFO] Fetching hourly data for AXP: 2026-01-05 to 2026-01-07
2026-01-07 23:05:02,163 [INFO]   AXP: 15 hourly bars
2026-01-07 23:05:02,185 [INFO]   AXP: inserted 15 bars
2026-01-07 23:05:02,185 [INFO] Fetching hourly data for BAC: 2026-01-05 to 2026-01-07
2026-01-07 23:05:02,234 [INFO]   BAC: 15 hourly bars
2026-01-07 23:05:02,253 [INFO]   BAC: inserted 15 bars
2026-01-07 23:05:02,253 [INFO] Fetching hourly data for BRK.B: 2026-01-05 to 2026-01-07
2026-01-07 23:05:02,671 [ERROR] $BRK.B: possibly delisted; no timezone found
2026-01-07 23:05:02,672 [INFO]   BRK.B: 0 hourly bars
2026-01-07 23:05:02,672 [INFO]   BRK.B: inserted 0 bars
2026-01-07 23:05:02,672 [INFO] Fetching hourly data for C: 2026-01-05 to 2026-01-07
2026-01-07 23:05:02,741 [INFO]   C: 15 hourly bars
2026-01-07 23:05:02,787 [INFO]   C: inserted 15 bars
2026-01-07 23:05:02,787 [INFO] Fetching hourly data for CAT: 2026-01-05 to 2026-01-07
2026-01-07 23:05:02,841 [INFO]   CAT: 15 hourly bars
2026-01-07 23:05:02,876 [INFO]   CAT: inserted 15 bars
2026-01-07 23:05:02,876 [INFO] Fetching hourly data for COST: 2026-01-05 to 2026-01-07
2026-01-07 23:05:02,925 [INFO]   COST: 15 hourly bars
2026-01-07 23:05:02,965 [INFO]   COST: inserted 15 bars
2026-01-07 23:05:02,965 [INFO] Fetching hourly data for CRM: 2026-01-05 to 2026-01-07
2026-01-07 23:05:03,014 [INFO]   CRM: 15 hourly bars
2026-01-07 23:05:03,050 [INFO]   CRM: inserted 15 bars
2026-01-07 23:05:03,050 [INFO] Fetching hourly data for CSCO: 2026-01-05 to 2026-01-07
2026-01-07 23:05:03,104 [INFO]   CSCO: 15 hourly bars
2026-01-07 23:05:03,137 [INFO]   CSCO: inserted 15 bars
2026-01-07 23:05:03,137 [INFO] Fetching hourly data for CVX: 2026-01-05 to 2026-01-07
2026-01-07 23:05:03,198 [INFO]   CVX: 15 hourly bars
2026-01-07 23:05:03,235 [INFO]   CVX: inserted 15 bars
2026-01-07 23:05:03,235 [INFO] Fetching hourly data for GE: 2026-01-05 to 2026-01-07
2026-01-07 23:05:03,300 [INFO]   GE: 15 hourly bars
2026-01-07 23:05:03,313 [INFO]   GE: inserted 15 bars
2026-01-07 23:05:03,313 [INFO] Fetching hourly data for GOOG: 2026-01-05 to 2026-01-07
2026-01-07 23:05:03,353 [INFO]   GOOG: 15 hourly bars
2026-01-07 23:05:03,382 [INFO]   GOOG: inserted 15 bars
2026-01-07 23:05:03,382 [INFO] Fetching hourly data for GOOGL: 2026-01-05 to 2026-01-07
2026-01-07 23:05:03,447 [INFO]   GOOGL: 15 hourly bars
2026-01-07 23:05:03,467 [INFO]   GOOGL: inserted 15 bars
2026-01-07 23:05:03,468 [INFO] Fetching hourly data for GS: 2026-01-05 to 2026-01-07
2026-01-07 23:05:03,542 [INFO]   GS: 15 hourly bars
2026-01-07 23:05:03,581 [INFO]   GS: inserted 15 bars
2026-01-07 23:05:03,581 [INFO] Fetching hourly data for HD: 2026-01-05 to 2026-01-07
2026-01-07 23:05:03,634 [INFO]   HD: 15 hourly bars
2026-01-07 23:05:03,654 [INFO]   HD: inserted 15 bars
2026-01-07 23:05:03,654 [INFO] Fetching hourly data for IBM: 2026-01-05 to 2026-01-07
2026-01-07 23:05:03,697 [INFO]   IBM: 15 hourly bars
2026-01-07 23:05:03,739 [INFO]   IBM: inserted 15 bars
2026-01-07 23:05:03,739 [INFO] Fetching hourly data for JNJ: 2026-01-05 to 2026-01-07
2026-01-07 23:05:03,789 [INFO]   JNJ: 15 hourly bars
2026-01-07 23:05:03,834 [INFO]   JNJ: inserted 15 bars
2026-01-07 23:05:03,834 [INFO] Fetching hourly data for JPM: 2026-01-05 to 2026-01-07
2026-01-07 23:05:03,884 [INFO]   JPM: 15 hourly bars
2026-01-07 23:05:03,936 [INFO]   JPM: inserted 15 bars
2026-01-07 23:05:03,936 [INFO] Fetching hourly data for KO: 2026-01-05 to 2026-01-07
2026-01-07 23:05:03,978 [INFO]   KO: 15 hourly bars
2026-01-07 23:05:04,008 [INFO]   KO: inserted 15 bars
2026-01-07 23:05:04,009 [INFO] Fetching hourly data for LLY: 2026-01-05 to 2026-01-07
2026-01-07 23:05:04,057 [INFO]   LLY: 15 hourly bars
2026-01-07 23:05:04,102 [INFO]   LLY: inserted 15 bars
2026-01-07 23:05:04,102 [INFO] Fetching hourly data for LRCX: 2026-01-05 to 2026-01-07
2026-01-07 23:05:04,143 [INFO]   LRCX: 15 hourly bars
2026-01-07 23:05:04,188 [INFO]   LRCX: inserted 15 bars
2026-01-07 23:05:04,188 [INFO] Fetching hourly data for MA: 2026-01-05 to 2026-01-07
2026-01-07 23:05:04,233 [INFO]   MA: 15 hourly bars
2026-01-07 23:05:04,275 [INFO]   MA: inserted 15 bars
2026-01-07 23:05:04,275 [INFO] Fetching hourly data for MCD: 2026-01-05 to 2026-01-07
2026-01-07 23:05:04,337 [INFO]   MCD: 15 hourly bars
2026-01-07 23:05:04,362 [INFO]   MCD: inserted 15 bars
2026-01-07 23:05:04,362 [INFO] Fetching hourly data for META: 2026-01-05 to 2026-01-07
2026-01-07 23:05:04,411 [INFO]   META: 15 hourly bars
2026-01-07 23:05:04,444 [INFO]   META: inserted 15 bars
2026-01-07 23:05:04,444 [INFO] Fetching hourly data for MRK: 2026-01-05 to 2026-01-07
2026-01-07 23:05:04,487 [INFO]   MRK: 15 hourly bars
2026-01-07 23:05:04,522 [INFO]   MRK: inserted 15 bars
2026-01-07 23:05:04,522 [INFO] Fetching hourly data for MS: 2026-01-05 to 2026-01-07
2026-01-07 23:05:04,567 [INFO]   MS: 15 hourly bars
2026-01-07 23:05:04,587 [INFO]   MS: inserted 15 bars
2026-01-07 23:05:04,587 [INFO] Fetching hourly data for MSFT: 2026-01-05 to 2026-01-07
2026-01-07 23:05:04,628 [INFO]   MSFT: 15 hourly bars
2026-01-07 23:05:04,666 [INFO]   MSFT: inserted 15 bars
2026-01-07 23:05:04,666 [INFO] Fetching hourly data for MU: 2026-01-05 to 2026-01-07
2026-01-07 23:05:04,707 [INFO]   MU: 15 hourly bars
2026-01-07 23:05:04,748 [INFO]   MU: inserted 15 bars
2026-01-07 23:05:04,748 [INFO] Fetching hourly data for NFLX: 2026-01-05 to 2026-01-07
2026-01-07 23:05:04,791 [INFO]   NFLX: 15 hourly bars
2026-01-07 23:05:04,834 [INFO]   NFLX: inserted 15 bars
2026-01-07 23:05:04,835 [INFO] Fetching hourly data for NVDA: 2026-01-05 to 2026-01-07
2026-01-07 23:05:04,878 [INFO]   NVDA: 15 hourly bars
2026-01-07 23:05:04,916 [INFO]   NVDA: inserted 15 bars
2026-01-07 23:05:04,916 [INFO] Fetching hourly data for ORCL: 2026-01-05 to 2026-01-07
2026-01-07 23:05:04,964 [INFO]   ORCL: 15 hourly bars
2026-01-07 23:05:04,980 [INFO]   ORCL: inserted 15 bars
2026-01-07 23:05:04,980 [INFO] Fetching hourly data for PG: 2026-01-05 to 2026-01-07
2026-01-07 23:05:05,021 [INFO]   PG: 15 hourly bars
2026-01-07 23:05:05,056 [INFO]   PG: inserted 15 bars
2026-01-07 23:05:05,056 [INFO] Fetching hourly data for PLTR: 2026-01-05 to 2026-01-07
2026-01-07 23:05:05,105 [INFO]   PLTR: 15 hourly bars
2026-01-07 23:05:05,126 [INFO]   PLTR: inserted 15 bars
2026-01-07 23:05:05,126 [INFO] Fetching hourly data for PM: 2026-01-05 to 2026-01-07
2026-01-07 23:05:05,171 [INFO]   PM: 15 hourly bars
2026-01-07 23:05:05,208 [INFO]   PM: inserted 15 bars
2026-01-07 23:05:05,209 [INFO] Fetching hourly data for RTX: 2026-01-05 to 2026-01-07
2026-01-07 23:05:05,253 [INFO]   RTX: 15 hourly bars
2026-01-07 23:05:05,286 [INFO]   RTX: inserted 15 bars
2026-01-07 23:05:05,286 [INFO] Fetching hourly data for TMO: 2026-01-05 to 2026-01-07
2026-01-07 23:05:05,336 [INFO]   TMO: 15 hourly bars
2026-01-07 23:05:05,370 [INFO]   TMO: inserted 15 bars
2026-01-07 23:05:05,370 [INFO] Fetching hourly data for TMUS: 2026-01-05 to 2026-01-07
2026-01-07 23:05:05,426 [INFO]   TMUS: 15 hourly bars
2026-01-07 23:05:05,456 [INFO]   TMUS: inserted 15 bars
2026-01-07 23:05:05,456 [INFO] Fetching hourly data for TSLA: 2026-01-05 to 2026-01-07
2026-01-07 23:05:05,529 [INFO]   TSLA: 15 hourly bars
2026-01-07 23:05:05,580 [INFO]   TSLA: inserted 15 bars
2026-01-07 23:05:05,580 [INFO] Fetching hourly data for UNH: 2026-01-05 to 2026-01-07
2026-01-07 23:05:05,627 [INFO]   UNH: 15 hourly bars
2026-01-07 23:05:05,664 [INFO]   UNH: inserted 15 bars
2026-01-07 23:05:05,665 [INFO] Fetching hourly data for V: 2026-01-05 to 2026-01-07
2026-01-07 23:05:05,714 [INFO]   V: 15 hourly bars
2026-01-07 23:05:05,740 [INFO]   V: inserted 15 bars
2026-01-07 23:05:05,741 [INFO] Fetching hourly data for WFC: 2026-01-05 to 2026-01-07
2026-01-07 23:05:05,784 [INFO]   WFC: 15 hourly bars
2026-01-07 23:05:05,800 [INFO]   WFC: inserted 15 bars
2026-01-07 23:05:05,800 [INFO] Fetching hourly data for WMT: 2026-01-05 to 2026-01-07
2026-01-07 23:05:05,843 [INFO]   WMT: 15 hourly bars
2026-01-07 23:05:05,861 [INFO]   WMT: inserted 15 bars
2026-01-07 23:05:05,861 [INFO] Fetching hourly data for XOM: 2026-01-05 to 2026-01-07
2026-01-07 23:05:05,907 [INFO]   XOM: 15 hourly bars
2026-01-07 23:05:05,952 [INFO]   XOM: inserted 15 bars
2026-01-07 23:05:05,952 [INFO] Total: 735 hourly bars collected
2026-01-07 23:05:05,962 [INFO] ✅ Collected 735 hourly bars
2026-01-07 23:05:06 [INFO] scheduler: ✅ data_collection.pipelines.hourly_bars_auto completed in 6.0s
2026-01-07 23:05:06 [INFO] apscheduler.executors.default: Job "run_pipeline (trigger: cron[day_of_week='mon-fri', hour='10-16', minute='5'], next run at: 2026-01-07 11:05:00 EST)" executed successfully
2026-01-07 23:15:00 [INFO] apscheduler.executors.default: Running job "run_pipeline (trigger: cron[hour='6-20', minute='*/15'], next run at: 2026-01-07 10:30:00 EST)" (scheduled at 2026-01-07 10:15:00-05:00)
2026-01-07 23:15:00 [INFO] scheduler: Starting pipeline: data_collection.pipelines.sec_rss
2026-01-07 23:15:00,794 INFO sec_rss form=8-K entries=40 processed=0 inserted=0 updated=0 skipped_no_accession=0 skipped_no_cik=0 skipped_filtered=40
2026-01-07 23:15:01,272 INFO sec_rss form=SC 13D entries=0 processed=0 inserted=0 updated=0 skipped_no_accession=0 skipped_no_cik=0 skipped_filtered=0
2026-01-07 23:15:02,325 INFO sec_rss form=SC 13D/A entries=0 processed=0 inserted=0 updated=0 skipped_no_accession=0 skipped_no_cik=0 skipped_filtered=0
2026-01-07 23:15:02,330 INFO sec_rss done processed=0 inserted=0 updated=0
2026-01-07 23:15:02 [INFO] scheduler: ✅ data_collection.pipelines.sec_rss completed in 2.4s
2026-01-07 23:15:02 [INFO] apscheduler.executors.default: Job "run_pipeline (trigger: cron[hour='6-20', minute='*/15'], next run at: 2026-01-07 10:30:00 EST)" executed successfully
2026-01-07 23:30:00 [INFO] apscheduler.executors.default: Running job "run_pipeline (trigger: cron[hour='6-20', minute='*/15'], next run at: 2026-01-07 10:45:00 EST)" (scheduled at 2026-01-07 10:30:00-05:00)
2026-01-07 23:30:00 [INFO] scheduler: Starting pipeline: data_collection.pipelines.sec_rss
2026-01-07 23:30:00,832 INFO sec_rss form=8-K entries=40 processed=0 inserted=0 updated=0 skipped_no_accession=0 skipped_no_cik=0 skipped_filtered=40
2026-01-07 23:30:02,435 INFO sec_rss form=SC 13D entries=0 processed=0 inserted=0 updated=0 skipped_no_accession=0 skipped_no_cik=0 skipped_filtered=0
2026-01-07 23:30:04,134 INFO sec_rss form=SC 13D/A entries=0 processed=0 inserted=0 updated=0 skipped_no_accession=0 skipped_no_cik=0 skipped_filtered=0
2026-01-07 23:30:04,135 INFO sec_rss done processed=0 inserted=0 updated=0
2026-01-07 23:30:04 [INFO] scheduler: ✅ data_collection.pipelines.sec_rss completed in 4.2s
2026-01-07 23:30:04 [INFO] apscheduler.executors.default: Job "run_pipeline (trigger: cron[hour='6-20', minute='*/15'], next run at: 2026-01-07 10:45:00 EST)" executed successfully
2026-01-07 23:45:00 [INFO] apscheduler.executors.default: Running job "run_pipeline (trigger: cron[hour='6-20', minute='*/15'], next run at: 2026-01-07 11:00:00 EST)" (scheduled at 2026-01-07 10:45:00-05:00)
2026-01-07 23:45:00 [INFO] scheduler: Starting pipeline: data_collection.pipelines.sec_rss
2026-01-07 23:45:00,681 INFO sec_rss form=8-K entries=40 processed=0 inserted=0 updated=0 skipped_no_accession=0 skipped_no_cik=0 skipped_filtered=40
2026-01-07 23:45:01,342 INFO sec_rss form=SC 13D entries=0 processed=0 inserted=0 updated=0 skipped_no_accession=0 skipped_no_cik=0 skipped_filtered=0
2026-01-07 23:45:02,179 INFO sec_rss form=SC 13D/A entries=0 processed=0 inserted=0 updated=0 skipped_no_accession=0 skipped_no_cik=0 skipped_filtered=0
2026-01-07 23:45:02,181 INFO sec_rss done processed=0 inserted=0 updated=0
2026-01-07 23:45:02 [INFO] scheduler: ✅ data_collection.pipelines.sec_rss completed in 2.2s
2026-01-07 23:45:02 [INFO] apscheduler.executors.default: Job "run_pipeline (trigger: cron[hour='6-20', minute='*/15'], next run at: 2026-01-07 11:00:00 EST)" executed successfully
2026-01-08 00:00:00 [INFO] apscheduler.executors.default: Running job "run_pipeline (trigger: cron[hour='6-20', minute='*/15'], next run at: 2026-01-07 11:15:00 EST)" (scheduled at 2026-01-07 11:00:00-05:00)
2026-01-08 00:00:00 [INFO] scheduler: Starting pipeline: data_collection.pipelines.sec_rss
2026-01-08 00:00:00,916 INFO sec_rss form=8-K entries=40 processed=0 inserted=0 updated=0 skipped_no_accession=0 skipped_no_cik=0 skipped_filtered=40
2026-01-08 00:00:03,102 INFO sec_rss form=SC 13D entries=0 processed=0 inserted=0 updated=0 skipped_no_accession=0 skipped_no_cik=0 skipped_filtered=0
2026-01-08 00:00:04,435 INFO sec_rss form=SC 13D/A entries=0 processed=0 inserted=0 updated=0 skipped_no_accession=0 skipped_no_cik=0 skipped_filtered=0
2026-01-08 00:00:04,438 INFO sec_rss done processed=0 inserted=0 updated=0
2026-01-08 00:00:04 [INFO] scheduler: ✅ data_collection.pipelines.sec_rss completed in 4.5s
2026-01-08 00:00:04 [INFO] apscheduler.executors.default: Job "run_pipeline (trigger: cron[hour='6-20', minute='*/15'], next run at: 2026-01-07 11:15:00 EST)" executed successfully
2026-01-08 00:05:00 [INFO] apscheduler.executors.default: Running job "run_pipeline (trigger: cron[day_of_week='mon-fri', hour='10-16', minute='5'], next run at: 2026-01-07 12:05:00 EST)" (scheduled at 2026-01-07 11:05:00-05:00)
2026-01-08 00:05:00 [INFO] scheduler: Starting pipeline: data_collection.pipelines.hourly_bars_auto
2026-01-08 00:05:01,684 [INFO] Got 50 symbols from universe
2026-01-08 00:05:01,684 [INFO] Collecting hourly bars: 2026-01-06 to 2026-01-08
2026-01-08 00:05:01,684 [INFO] Collecting hourly bars for 50 tickers
2026-01-08 00:05:01,684 [INFO] Period: 2026-01-06 to 2026-01-08
2026-01-08 00:05:01,684 [INFO] Fetching hourly data for AAPL: 2026-01-06 to 2026-01-08
2026-01-08 00:05:02,162 [INFO]   AAPL: 9 hourly bars
2026-01-08 00:05:02,199 [INFO]   AAPL: inserted 9 bars
2026-01-08 00:05:02,199 [INFO] Fetching hourly data for ABBV: 2026-01-06 to 2026-01-08
2026-01-08 00:05:02,252 [INFO]   ABBV: 9 hourly bars
2026-01-08 00:05:02,279 [INFO]   ABBV: inserted 9 bars
2026-01-08 00:05:02,279 [INFO] Fetching hourly data for ABT: 2026-01-06 to 2026-01-08
2026-01-08 00:05:02,332 [INFO]   ABT: 9 hourly bars
2026-01-08 00:05:02,345 [INFO]   ABT: inserted 9 bars
2026-01-08 00:05:02,345 [INFO] Fetching hourly data for AMAT: 2026-01-06 to 2026-01-08
2026-01-08 00:05:02,407 [INFO]   AMAT: 9 hourly bars
2026-01-08 00:05:02,424 [INFO]   AMAT: inserted 9 bars
2026-01-08 00:05:02,424 [INFO] Fetching hourly data for AMD: 2026-01-06 to 2026-01-08
2026-01-08 00:05:02,470 [INFO]   AMD: 9 hourly bars
2026-01-08 00:05:02,511 [INFO]   AMD: inserted 9 bars
2026-01-08 00:05:02,511 [INFO] Fetching hourly data for AMZN: 2026-01-06 to 2026-01-08
2026-01-08 00:05:02,559 [INFO]   AMZN: 9 hourly bars
2026-01-08 00:05:02,598 [INFO]   AMZN: inserted 9 bars
2026-01-08 00:05:02,598 [INFO] Fetching hourly data for APP: 2026-01-06 to 2026-01-08
2026-01-08 00:05:02,661 [INFO]   APP: 9 hourly bars
2026-01-08 00:05:02,693 [INFO]   APP: inserted 9 bars
2026-01-08 00:05:02,693 [INFO] Fetching hourly data for AVGO: 2026-01-06 to 2026-01-08
2026-01-08 00:05:02,755 [INFO]   AVGO: 9 hourly bars
2026-01-08 00:05:02,775 [INFO]   AVGO: inserted 9 bars
2026-01-08 00:05:02,775 [INFO] Fetching hourly data for AXP: 2026-01-06 to 2026-01-08
2026-01-08 00:05:02,829 [INFO]   AXP: 9 hourly bars
2026-01-08 00:05:02,873 [INFO]   AXP: inserted 9 bars
2026-01-08 00:05:02,873 [INFO] Fetching hourly data for BAC: 2026-01-06 to 2026-01-08
2026-01-08 00:05:02,921 [INFO]   BAC: 9 hourly bars
2026-01-08 00:05:02,955 [INFO]   BAC: inserted 9 bars
2026-01-08 00:05:02,955 [INFO] Fetching hourly data for BRK.B: 2026-01-06 to 2026-01-08
2026-01-08 00:05:03,817 [ERROR] $BRK.B: possibly delisted; no timezone found
2026-01-08 00:05:03,817 [INFO]   BRK.B: 0 hourly bars
2026-01-08 00:05:03,817 [INFO]   BRK.B: inserted 0 bars
2026-01-08 00:05:03,817 [INFO] Fetching hourly data for C: 2026-01-06 to 2026-01-08
2026-01-08 00:05:03,876 [INFO]   C: 9 hourly bars
2026-01-08 00:05:03,901 [INFO]   C: inserted 9 bars
2026-01-08 00:05:03,901 [INFO] Fetching hourly data for CAT: 2026-01-06 to 2026-01-08
2026-01-08 00:05:03,972 [INFO]   CAT: 9 hourly bars
2026-01-08 00:05:04,014 [INFO]   CAT: inserted 9 bars
2026-01-08 00:05:04,015 [INFO] Fetching hourly data for COST: 2026-01-06 to 2026-01-08
2026-01-08 00:05:04,083 [INFO]   COST: 9 hourly bars
2026-01-08 00:05:04,137 [INFO]   COST: inserted 9 bars
2026-01-08 00:05:04,137 [INFO] Fetching hourly data for CRM: 2026-01-06 to 2026-01-08
2026-01-08 00:05:04,184 [INFO]   CRM: 9 hourly bars
2026-01-08 00:05:04,219 [INFO]   CRM: inserted 9 bars
2026-01-08 00:05:04,219 [INFO] Fetching hourly data for CSCO: 2026-01-06 to 2026-01-08
2026-01-08 00:05:04,266 [INFO]   CSCO: 9 hourly bars
2026-01-08 00:05:04,305 [INFO]   CSCO: inserted 9 bars
2026-01-08 00:05:04,305 [INFO] Fetching hourly data for CVX: 2026-01-06 to 2026-01-08
2026-01-08 00:05:04,352 [INFO]   CVX: 9 hourly bars
2026-01-08 00:05:04,394 [INFO]   CVX: inserted 9 bars
2026-01-08 00:05:04,394 [INFO] Fetching hourly data for GE: 2026-01-06 to 2026-01-08
2026-01-08 00:05:04,443 [INFO]   GE: 9 hourly bars
2026-01-08 00:05:04,475 [INFO]   GE: inserted 9 bars
2026-01-08 00:05:04,475 [INFO] Fetching hourly data for GOOG: 2026-01-06 to 2026-01-08
2026-01-08 00:05:04,524 [INFO]   GOOG: 9 hourly bars
2026-01-08 00:05:04,562 [INFO]   GOOG: inserted 9 bars
2026-01-08 00:05:04,562 [INFO] Fetching hourly data for GOOGL: 2026-01-06 to 2026-01-08
2026-01-08 00:05:04,618 [INFO]   GOOGL: 9 hourly bars
2026-01-08 00:05:04,654 [INFO]   GOOGL: inserted 9 bars
2026-01-08 00:05:04,654 [INFO] Fetching hourly data for GS: 2026-01-06 to 2026-01-08
2026-01-08 00:05:04,700 [INFO]   GS: 9 hourly bars
2026-01-08 00:05:04,739 [INFO]   GS: inserted 9 bars
2026-01-08 00:05:04,739 [INFO] Fetching hourly data for HD: 2026-01-06 to 2026-01-08
2026-01-08 00:05:04,784 [INFO]   HD: 9 hourly bars
2026-01-08 00:05:04,812 [INFO]   HD: inserted 9 bars
2026-01-08 00:05:04,812 [INFO] Fetching hourly data for IBM: 2026-01-06 to 2026-01-08
2026-01-08 00:05:04,861 [INFO]   IBM: 9 hourly bars
2026-01-08 00:05:04,905 [INFO]   IBM: inserted 9 bars
2026-01-08 00:05:04,905 [INFO] Fetching hourly data for JNJ: 2026-01-06 to 2026-01-08
2026-01-08 00:05:04,956 [INFO]   JNJ: 9 hourly bars
2026-01-08 00:05:04,981 [INFO]   JNJ: inserted 9 bars
2026-01-08 00:05:04,981 [INFO] Fetching hourly data for JPM: 2026-01-06 to 2026-01-08
2026-01-08 00:05:05,034 [INFO]   JPM: 9 hourly bars
2026-01-08 00:05:05,061 [INFO]   JPM: inserted 9 bars
2026-01-08 00:05:05,062 [INFO] Fetching hourly data for KO: 2026-01-06 to 2026-01-08
2026-01-08 00:05:05,113 [INFO]   KO: 9 hourly bars
2026-01-08 00:05:05,138 [INFO]   KO: inserted 9 bars
2026-01-08 00:05:05,138 [INFO] Fetching hourly data for LLY: 2026-01-06 to 2026-01-08
2026-01-08 00:05:05,182 [INFO]   LLY: 9 hourly bars
2026-01-08 00:05:05,219 [INFO]   LLY: inserted 9 bars
2026-01-08 00:05:05,219 [INFO] Fetching hourly data for LRCX: 2026-01-06 to 2026-01-08
2026-01-08 00:05:05,286 [INFO]   LRCX: 9 hourly bars
2026-01-08 00:05:05,304 [INFO]   LRCX: inserted 9 bars
2026-01-08 00:05:05,304 [INFO] Fetching hourly data for MA: 2026-01-06 to 2026-01-08
2026-01-08 00:05:05,367 [INFO]   MA: 9 hourly bars
2026-01-08 00:05:05,382 [INFO]   MA: inserted 9 bars
2026-01-08 00:05:05,382 [INFO] Fetching hourly data for MCD: 2026-01-06 to 2026-01-08
2026-01-08 00:05:05,430 [INFO]   MCD: 9 hourly bars
2026-01-08 00:05:05,465 [INFO]   MCD: inserted 9 bars
2026-01-08 00:05:05,465 [INFO] Fetching hourly data for META: 2026-01-06 to 2026-01-08
2026-01-08 00:05:05,514 [INFO]   META: 9 hourly bars
2026-01-08 00:05:05,558 [INFO]   META: inserted 9 bars
2026-01-08 00:05:05,558 [INFO] Fetching hourly data for MRK: 2026-01-06 to 2026-01-08
2026-01-08 00:05:05,604 [INFO]   MRK: 9 hourly bars
2026-01-08 00:05:05,626 [INFO]   MRK: inserted 9 bars
2026-01-08 00:05:05,626 [INFO] Fetching hourly data for MS: 2026-01-06 to 2026-01-08
2026-01-08 00:05:05,679 [INFO]   MS: 9 hourly bars
2026-01-08 00:05:05,704 [INFO]   MS: inserted 9 bars
2026-01-08 00:05:05,704 [INFO] Fetching hourly data for MSFT: 2026-01-06 to 2026-01-08
2026-01-08 00:05:05,762 [INFO]   MSFT: 9 hourly bars
2026-01-08 00:05:05,794 [INFO]   MSFT: inserted 9 bars
2026-01-08 00:05:05,794 [INFO] Fetching hourly data for MU: 2026-01-06 to 2026-01-08
2026-01-08 00:05:05,842 [INFO]   MU: 9 hourly bars
2026-01-08 00:05:05,872 [INFO]   MU: inserted 9 bars
2026-01-08 00:05:05,872 [INFO] Fetching hourly data for NFLX: 2026-01-06 to 2026-01-08
2026-01-08 00:05:05,923 [INFO]   NFLX: 9 hourly bars
2026-01-08 00:05:05,956 [INFO]   NFLX: inserted 9 bars
2026-01-08 00:05:05,956 [INFO] Fetching hourly data for NVDA: 2026-01-06 to 2026-01-08
2026-01-08 00:05:06,021 [INFO]   NVDA: 9 hourly bars
2026-01-08 00:05:06,048 [INFO]   NVDA: inserted 9 bars
2026-01-08 00:05:06,048 [INFO] Fetching hourly data for ORCL: 2026-01-06 to 2026-01-08
2026-01-08 00:05:06,098 [INFO]   ORCL: 9 hourly bars
2026-01-08 00:05:06,129 [INFO]   ORCL: inserted 9 bars
2026-01-08 00:05:06,129 [INFO] Fetching hourly data for PG: 2026-01-06 to 2026-01-08
2026-01-08 00:05:06,171 [INFO]   PG: 9 hourly bars
2026-01-08 00:05:06,202 [INFO]   PG: inserted 9 bars
2026-01-08 00:05:06,202 [INFO] Fetching hourly data for PLTR: 2026-01-06 to 2026-01-08
2026-01-08 00:05:06,245 [INFO]   PLTR: 9 hourly bars
2026-01-08 00:05:06,282 [INFO]   PLTR: inserted 9 bars
2026-01-08 00:05:06,282 [INFO] Fetching hourly data for PM: 2026-01-06 to 2026-01-08
2026-01-08 00:05:06,327 [INFO]   PM: 9 hourly bars
2026-01-08 00:05:06,365 [INFO]   PM: inserted 9 bars
2026-01-08 00:05:06,365 [INFO] Fetching hourly data for RTX: 2026-01-06 to 2026-01-08
2026-01-08 00:05:06,410 [INFO]   RTX: 9 hourly bars
2026-01-08 00:05:06,441 [INFO]   RTX: inserted 9 bars
2026-01-08 00:05:06,441 [INFO] Fetching hourly data for TMO: 2026-01-06 to 2026-01-08
2026-01-08 00:05:06,490 [INFO]   TMO: 9 hourly bars
2026-01-08 00:05:06,523 [INFO]   TMO: inserted 9 bars
2026-01-08 00:05:06,523 [INFO] Fetching hourly data for TMUS: 2026-01-06 to 2026-01-08
2026-01-08 00:05:06,569 [INFO]   TMUS: 9 hourly bars
2026-01-08 00:05:06,596 [INFO]   TMUS: inserted 9 bars
2026-01-08 00:05:06,596 [INFO] Fetching hourly data for TSLA: 2026-01-06 to 2026-01-08
2026-01-08 00:05:06,652 [INFO]   TSLA: 9 hourly bars
2026-01-08 00:05:06,679 [INFO]   TSLA: inserted 9 bars
2026-01-08 00:05:06,679 [INFO] Fetching hourly data for UNH: 2026-01-06 to 2026-01-08
2026-01-08 00:05:06,722 [INFO]   UNH: 9 hourly bars
2026-01-08 00:05:06,767 [INFO]   UNH: inserted 9 bars
2026-01-08 00:05:06,767 [INFO] Fetching hourly data for V: 2026-01-06 to 2026-01-08
2026-01-08 00:05:06,825 [INFO]   V: 9 hourly bars
2026-01-08 00:05:06,860 [INFO]   V: inserted 9 bars
2026-01-08 00:05:06,860 [INFO] Fetching hourly data for WFC: 2026-01-06 to 2026-01-08
2026-01-08 00:05:06,922 [INFO]   WFC: 9 hourly bars
2026-01-08 00:05:06,948 [INFO]   WFC: inserted 9 bars
2026-01-08 00:05:06,948 [INFO] Fetching hourly data for WMT: 2026-01-06 to 2026-01-08
2026-01-08 00:05:06,991 [INFO]   WMT: 9 hourly bars
2026-01-08 00:05:07,021 [INFO]   WMT: inserted 9 bars
2026-01-08 00:05:07,021 [INFO] Fetching hourly data for XOM: 2026-01-06 to 2026-01-08
2026-01-08 00:05:07,070 [INFO]   XOM: 9 hourly bars
2026-01-08 00:05:07,098 [INFO]   XOM: inserted 9 bars
2026-01-08 00:05:07,098 [INFO] Total: 441 hourly bars collected
2026-01-08 00:05:07,109 [INFO] ✅ Collected 441 hourly bars
2026-01-08 00:05:07 [INFO] scheduler: ✅ data_collection.pipelines.hourly_bars_auto completed in 6.3s
2026-01-08 00:05:07 [INFO] apscheduler.executors.default: Job "run_pipeline (trigger: cron[day_of_week='mon-fri', hour='10-16', minute='5'], next run at: 2026-01-07 12:05:00 EST)" executed successfully
2026-01-08 00:15:00 [INFO] apscheduler.executors.default: Running job "run_pipeline (trigger: cron[hour='6-20', minute='*/15'], next run at: 2026-01-07 11:30:00 EST)" (scheduled at 2026-01-07 11:15:00-05:00)
2026-01-08 00:15:00 [INFO] scheduler: Starting pipeline: data_collection.pipelines.sec_rss
2026-01-08 00:15:00,745 INFO sec_rss form=8-K entries=40 processed=0 inserted=0 updated=0 skipped_no_accession=0 skipped_no_cik=0 skipped_filtered=40
2026-01-08 00:15:01,131 INFO sec_rss form=SC 13D entries=0 processed=0 inserted=0 updated=0 skipped_no_accession=0 skipped_no_cik=0 skipped_filtered=0
2026-01-08 00:15:01,568 INFO sec_rss form=SC 13D/A entries=0 processed=0 inserted=0 updated=0 skipped_no_accession=0 skipped_no_cik=0 skipped_filtered=0
2026-01-08 00:15:01,575 INFO sec_rss done processed=0 inserted=0 updated=0
2026-01-08 00:15:01 [INFO] scheduler: ✅ data_collection.pipelines.sec_rss completed in 1.6s
2026-01-08 00:15:01 [INFO] apscheduler.executors.default: Job "run_pipeline (trigger: cron[hour='6-20', minute='*/15'], next run at: 2026-01-07 11:30:00 EST)" executed successfully
2026-01-08 00:30:00 [INFO] apscheduler.executors.default: Running job "run_pipeline (trigger: cron[hour='6-20', minute='*/15'], next run at: 2026-01-07 11:45:00 EST)" (scheduled at 2026-01-07 11:30:00-05:00)
2026-01-08 00:30:00 [INFO] scheduler: Starting pipeline: data_collection.pipelines.sec_rss
2026-01-08 00:30:00,774 INFO sec_rss form=8-K entries=40 processed=0 inserted=0 updated=0 skipped_no_accession=0 skipped_no_cik=0 skipped_filtered=40
2026-01-08 00:30:01,357 INFO sec_rss form=SC 13D entries=0 processed=0 inserted=0 updated=0 skipped_no_accession=0 skipped_no_cik=0 skipped_filtered=0
2026-01-08 00:30:01,875 INFO sec_rss form=SC 13D/A entries=0 processed=0 inserted=0 updated=0 skipped_no_accession=0 skipped_no_cik=0 skipped_filtered=0
2026-01-08 00:30:01,881 INFO sec_rss done processed=0 inserted=0 updated=0
2026-01-08 00:30:01 [INFO] scheduler: ✅ data_collection.pipelines.sec_rss completed in 2.0s
2026-01-08 00:30:01 [INFO] apscheduler.executors.default: Job "run_pipeline (trigger: cron[hour='6-20', minute='*/15'], next run at: 2026-01-07 11:45:00 EST)" executed successfully
2026-01-08 00:45:00 [INFO] apscheduler.executors.default: Running job "run_pipeline (trigger: cron[hour='6-20', minute='*/15'], next run at: 2026-01-07 12:00:00 EST)" (scheduled at 2026-01-07 11:45:00-05:00)
2026-01-08 00:45:00 [INFO] scheduler: Starting pipeline: data_collection.pipelines.sec_rss
2026-01-08 00:45:00,770 INFO sec_rss form=8-K entries=40 processed=0 inserted=0 updated=0 skipped_no_accession=0 skipped_no_cik=0 skipped_filtered=40
2026-01-08 00:45:01,689 INFO sec_rss form=SC 13D entries=0 processed=0 inserted=0 updated=0 skipped_no_accession=0 skipped_no_cik=0 skipped_filtered=0
2026-01-08 00:45:02,491 INFO sec_rss form=SC 13D/A entries=0 processed=0 inserted=0 updated=0 skipped_no_accession=0 skipped_no_cik=0 skipped_filtered=0
2026-01-08 00:45:02,494 INFO sec_rss done processed=0 inserted=0 updated=0
2026-01-08 00:45:02 [INFO] scheduler: ✅ data_collection.pipelines.sec_rss completed in 2.6s
2026-01-08 00:45:02 [INFO] apscheduler.executors.default: Job "run_pipeline (trigger: cron[hour='6-20', minute='*/15'], next run at: 2026-01-07 12:00:00 EST)" executed successfully
2026-01-08 01:00:00 [INFO] apscheduler.executors.default: Running job "run_pipeline (trigger: cron[hour='6-20', minute='*/15'], next run at: 2026-01-07 12:15:00 EST)" (scheduled at 2026-01-07 12:00:00-05:00)
2026-01-08 01:00:00 [INFO] scheduler: Starting pipeline: data_collection.pipelines.sec_rss
2026-01-08 01:00:00,759 INFO sec_rss form=8-K entries=40 processed=0 inserted=0 updated=0 skipped_no_accession=0 skipped_no_cik=0 skipped_filtered=40
2026-01-08 01:00:01,354 INFO sec_rss form=SC 13D entries=0 processed=0 inserted=0 updated=0 skipped_no_accession=0 skipped_no_cik=0 skipped_filtered=0
2026-01-08 01:00:01,713 INFO sec_rss form=SC 13D/A entries=0 processed=0 inserted=0 updated=0 skipped_no_accession=0 skipped_no_cik=0 skipped_filtered=0
2026-01-08 01:00:01,716 INFO sec_rss done processed=0 inserted=0 updated=0
2026-01-08 01:00:01 [INFO] scheduler: ✅ data_collection.pipelines.sec_rss completed in 1.8s
2026-01-08 01:00:01 [INFO] apscheduler.executors.default: Job "run_pipeline (trigger: cron[hour='6-20', minute='*/15'], next run at: 2026-01-07 12:15:00 EST)" executed successfully
2026-01-08 01:05:00 [INFO] apscheduler.executors.default: Running job "run_pipeline (trigger: cron[day_of_week='mon-fri', hour='10-16', minute='5'], next run at: 2026-01-07 13:05:00 EST)" (scheduled at 2026-01-07 12:05:00-05:00)
2026-01-08 01:05:00 [INFO] scheduler: Starting pipeline: data_collection.pipelines.hourly_bars_auto
2026-01-08 01:05:00,659 [INFO] Got 50 symbols from universe
2026-01-08 01:05:00,659 [INFO] Collecting hourly bars: 2026-01-07 to 2026-01-08
2026-01-08 01:05:00,659 [INFO] Collecting hourly bars for 50 tickers
2026-01-08 01:05:00,659 [INFO] Period: 2026-01-07 to 2026-01-08
2026-01-08 01:05:00,659 [INFO] Mode: latest-only
2026-01-08 01:05:00,659 [INFO] Fetching hourly data for AAPL: 2026-01-07 to 2026-01-08
2026-01-08 01:05:01,110 [INFO]   AAPL: 1 hourly bars (latest only)
2026-01-08 01:05:01,130 [INFO]   AAPL: inserted 1 bars
2026-01-08 01:05:01,130 [INFO] Fetching hourly data for ABBV: 2026-01-07 to 2026-01-08
2026-01-08 01:05:01,173 [INFO]   ABBV: 1 hourly bars (latest only)
2026-01-08 01:05:01,204 [INFO]   ABBV: inserted 1 bars
2026-01-08 01:05:01,204 [INFO] Fetching hourly data for ABT: 2026-01-07 to 2026-01-08
2026-01-08 01:05:01,238 [INFO]   ABT: 1 hourly bars (latest only)
2026-01-08 01:05:01,269 [INFO]   ABT: inserted 1 bars
2026-01-08 01:05:01,269 [INFO] Fetching hourly data for AMAT: 2026-01-07 to 2026-01-08
2026-01-08 01:05:01,312 [INFO]   AMAT: 1 hourly bars (latest only)
2026-01-08 01:05:01,341 [INFO]   AMAT: inserted 1 bars
2026-01-08 01:05:01,341 [INFO] Fetching hourly data for AMD: 2026-01-07 to 2026-01-08
2026-01-08 01:05:01,421 [INFO]   AMD: 1 hourly bars (latest only)
2026-01-08 01:05:01,444 [INFO]   AMD: inserted 1 bars
2026-01-08 01:05:01,444 [INFO] Fetching hourly data for AMZN: 2026-01-07 to 2026-01-08
2026-01-08 01:05:01,484 [INFO]   AMZN: 1 hourly bars (latest only)
2026-01-08 01:05:01,508 [INFO]   AMZN: inserted 1 bars
2026-01-08 01:05:01,508 [INFO] Fetching hourly data for APP: 2026-01-07 to 2026-01-08
2026-01-08 01:05:01,544 [INFO]   APP: 1 hourly bars (latest only)
2026-01-08 01:05:01,561 [INFO]   APP: inserted 1 bars
2026-01-08 01:05:01,561 [INFO] Fetching hourly data for AVGO: 2026-01-07 to 2026-01-08
2026-01-08 01:05:01,603 [INFO]   AVGO: 1 hourly bars (latest only)
2026-01-08 01:05:01,622 [INFO]   AVGO: inserted 1 bars
2026-01-08 01:05:01,622 [INFO] Fetching hourly data for AXP: 2026-01-07 to 2026-01-08
2026-01-08 01:05:01,660 [INFO]   AXP: 1 hourly bars (latest only)
2026-01-08 01:05:01,690 [INFO]   AXP: inserted 1 bars
2026-01-08 01:05:01,691 [INFO] Fetching hourly data for BAC: 2026-01-07 to 2026-01-08
2026-01-08 01:05:01,731 [INFO]   BAC: 1 hourly bars (latest only)
2026-01-08 01:05:01,762 [INFO]   BAC: inserted 1 bars
2026-01-08 01:05:01,762 [INFO] Fetching hourly data for BRK.B: 2026-01-07 to 2026-01-08
2026-01-08 01:05:02,149 [ERROR] $BRK.B: possibly delisted; no timezone found
2026-01-08 01:05:02,150 [INFO]   BRK.B: 0 hourly bars (latest only)
2026-01-08 01:05:02,150 [INFO]   BRK.B: inserted 0 bars
2026-01-08 01:05:02,150 [INFO] Fetching hourly data for C: 2026-01-07 to 2026-01-08
2026-01-08 01:05:02,214 [INFO]   C: 1 hourly bars (latest only)
2026-01-08 01:05:02,253 [INFO]   C: inserted 1 bars
2026-01-08 01:05:02,253 [INFO] Fetching hourly data for CAT: 2026-01-07 to 2026-01-08
2026-01-08 01:05:02,303 [INFO]   CAT: 1 hourly bars (latest only)
2026-01-08 01:05:02,323 [INFO]   CAT: inserted 1 bars
2026-01-08 01:05:02,323 [INFO] Fetching hourly data for COST: 2026-01-07 to 2026-01-08
2026-01-08 01:05:02,369 [INFO]   COST: 1 hourly bars (latest only)
2026-01-08 01:05:02,392 [INFO]   COST: inserted 1 bars
2026-01-08 01:05:02,392 [INFO] Fetching hourly data for CRM: 2026-01-07 to 2026-01-08
2026-01-08 01:05:02,437 [INFO]   CRM: 1 hourly bars (latest only)
2026-01-08 01:05:02,460 [INFO]   CRM: inserted 1 bars
2026-01-08 01:05:02,460 [INFO] Fetching hourly data for CSCO: 2026-01-07 to 2026-01-08
2026-01-08 01:05:02,501 [INFO]   CSCO: 1 hourly bars (latest only)
2026-01-08 01:05:02,527 [INFO]   CSCO: inserted 1 bars
2026-01-08 01:05:02,527 [INFO] Fetching hourly data for CVX: 2026-01-07 to 2026-01-08
2026-01-08 01:05:02,582 [INFO]   CVX: 1 hourly bars (latest only)
2026-01-08 01:05:02,604 [INFO]   CVX: inserted 1 bars
2026-01-08 01:05:02,604 [INFO] Fetching hourly data for GE: 2026-01-07 to 2026-01-08
2026-01-08 01:05:02,644 [INFO]   GE: 1 hourly bars (latest only)
2026-01-08 01:05:02,668 [INFO]   GE: inserted 1 bars
2026-01-08 01:05:02,668 [INFO] Fetching hourly data for GOOG: 2026-01-07 to 2026-01-08
2026-01-08 01:05:02,718 [INFO]   GOOG: 1 hourly bars (latest only)
2026-01-08 01:05:02,740 [INFO]   GOOG: inserted 1 bars
2026-01-08 01:05:02,740 [INFO] Fetching hourly data for GOOGL: 2026-01-07 to 2026-01-08
2026-01-08 01:05:02,776 [INFO]   GOOGL: 1 hourly bars (latest only)
2026-01-08 01:05:02,794 [INFO]   GOOGL: inserted 1 bars
2026-01-08 01:05:02,794 [INFO] Fetching hourly data for GS: 2026-01-07 to 2026-01-08
2026-01-08 01:05:02,838 [INFO]   GS: 1 hourly bars (latest only)
2026-01-08 01:05:02,857 [INFO]   GS: inserted 1 bars
2026-01-08 01:05:02,857 [INFO] Fetching hourly data for HD: 2026-01-07 to 2026-01-08
2026-01-08 01:05:02,893 [INFO]   HD: 1 hourly bars (latest only)
2026-01-08 01:05:02,907 [INFO]   HD: inserted 1 bars
2026-01-08 01:05:02,907 [INFO] Fetching hourly data for IBM: 2026-01-07 to 2026-01-08
2026-01-08 01:05:02,949 [INFO]   IBM: 1 hourly bars (latest only)
2026-01-08 01:05:02,976 [INFO]   IBM: inserted 1 bars
2026-01-08 01:05:02,976 [INFO] Fetching hourly data for JNJ: 2026-01-07 to 2026-01-08
2026-01-08 01:05:03,028 [INFO]   JNJ: 1 hourly bars (latest only)
2026-01-08 01:05:03,055 [INFO]   JNJ: inserted 1 bars
2026-01-08 01:05:03,055 [INFO] Fetching hourly data for JPM: 2026-01-07 to 2026-01-08
2026-01-08 01:05:03,097 [INFO]   JPM: 1 hourly bars (latest only)
2026-01-08 01:05:03,130 [INFO]   JPM: inserted 1 bars
2026-01-08 01:05:03,130 [INFO] Fetching hourly data for KO: 2026-01-07 to 2026-01-08
2026-01-08 01:05:03,168 [INFO]   KO: 1 hourly bars (latest only)
2026-01-08 01:05:03,194 [INFO]   KO: inserted 1 bars
2026-01-08 01:05:03,194 [INFO] Fetching hourly data for LLY: 2026-01-07 to 2026-01-08
2026-01-08 01:05:03,239 [INFO]   LLY: 1 hourly bars (latest only)
2026-01-08 01:05:03,272 [INFO]   LLY: inserted 1 bars
2026-01-08 01:05:03,272 [INFO] Fetching hourly data for LRCX: 2026-01-07 to 2026-01-08
2026-01-08 01:05:03,382 [INFO]   LRCX: 1 hourly bars (latest only)
2026-01-08 01:05:03,412 [INFO]   LRCX: inserted 1 bars
2026-01-08 01:05:03,412 [INFO] Fetching hourly data for MA: 2026-01-07 to 2026-01-08
2026-01-08 01:05:03,467 [INFO]   MA: 1 hourly bars (latest only)
2026-01-08 01:05:03,495 [INFO]   MA: inserted 1 bars
2026-01-08 01:05:03,495 [INFO] Fetching hourly data for MCD: 2026-01-07 to 2026-01-08
2026-01-08 01:05:03,553 [INFO]   MCD: 1 hourly bars (latest only)
2026-01-08 01:05:03,580 [INFO]   MCD: inserted 1 bars
2026-01-08 01:05:03,581 [INFO] Fetching hourly data for META: 2026-01-07 to 2026-01-08
2026-01-08 01:05:03,633 [INFO]   META: 1 hourly bars (latest only)
2026-01-08 01:05:03,661 [INFO]   META: inserted 1 bars
2026-01-08 01:05:03,661 [INFO] Fetching hourly data for MRK: 2026-01-07 to 2026-01-08
2026-01-08 01:05:03,755 [INFO]   MRK: 1 hourly bars (latest only)
2026-01-08 01:05:03,785 [INFO]   MRK: inserted 1 bars
2026-01-08 01:05:03,785 [INFO] Fetching hourly data for MS: 2026-01-07 to 2026-01-08
2026-01-08 01:05:03,856 [INFO]   MS: 1 hourly bars (latest only)
2026-01-08 01:05:03,883 [INFO]   MS: inserted 1 bars
2026-01-08 01:05:03,883 [INFO] Fetching hourly data for MSFT: 2026-01-07 to 2026-01-08
2026-01-08 01:05:03,941 [INFO]   MSFT: 1 hourly bars (latest only)
2026-01-08 01:05:03,952 [INFO]   MSFT: inserted 1 bars
2026-01-08 01:05:03,952 [INFO] Fetching hourly data for MU: 2026-01-07 to 2026-01-08
2026-01-08 01:05:04,001 [INFO]   MU: 1 hourly bars (latest only)
2026-01-08 01:05:04,014 [INFO]   MU: inserted 1 bars
2026-01-08 01:05:04,014 [INFO] Fetching hourly data for NFLX: 2026-01-07 to 2026-01-08
2026-01-08 01:05:04,054 [INFO]   NFLX: 1 hourly bars (latest only)
2026-01-08 01:05:04,070 [INFO]   NFLX: inserted 1 bars
2026-01-08 01:05:04,070 [INFO] Fetching hourly data for NVDA: 2026-01-07 to 2026-01-08
2026-01-08 01:05:04,121 [INFO]   NVDA: 1 hourly bars (latest only)
2026-01-08 01:05:04,142 [INFO]   NVDA: inserted 1 bars
2026-01-08 01:05:04,142 [INFO] Fetching hourly data for ORCL: 2026-01-07 to 2026-01-08
2026-01-08 01:05:04,179 [INFO]   ORCL: 1 hourly bars (latest only)
2026-01-08 01:05:04,200 [INFO]   ORCL: inserted 1 bars
2026-01-08 01:05:04,200 [INFO] Fetching hourly data for PG: 2026-01-07 to 2026-01-08
2026-01-08 01:05:04,236 [INFO]   PG: 1 hourly bars (latest only)
2026-01-08 01:05:04,255 [INFO]   PG: inserted 1 bars
2026-01-08 01:05:04,255 [INFO] Fetching hourly data for PLTR: 2026-01-07 to 2026-01-08
2026-01-08 01:05:04,296 [INFO]   PLTR: 1 hourly bars (latest only)
2026-01-08 01:05:04,309 [INFO]   PLTR: inserted 1 bars
2026-01-08 01:05:04,309 [INFO] Fetching hourly data for PM: 2026-01-07 to 2026-01-08
2026-01-08 01:05:04,377 [INFO]   PM: 1 hourly bars (latest only)
2026-01-08 01:05:04,420 [INFO]   PM: inserted 1 bars
2026-01-08 01:05:04,420 [INFO] Fetching hourly data for RTX: 2026-01-07 to 2026-01-08
2026-01-08 01:05:04,470 [INFO]   RTX: 1 hourly bars (latest only)
2026-01-08 01:05:04,495 [INFO]   RTX: inserted 1 bars
2026-01-08 01:05:04,495 [INFO] Fetching hourly data for TMO: 2026-01-07 to 2026-01-08
2026-01-08 01:05:04,592 [INFO]   TMO: 1 hourly bars (latest only)
2026-01-08 01:05:04,622 [INFO]   TMO: inserted 1 bars
2026-01-08 01:05:04,622 [INFO] Fetching hourly data for TMUS: 2026-01-07 to 2026-01-08
2026-01-08 01:05:04,671 [INFO]   TMUS: 1 hourly bars (latest only)
2026-01-08 01:05:04,693 [INFO]   TMUS: inserted 1 bars
2026-01-08 01:05:04,693 [INFO] Fetching hourly data for TSLA: 2026-01-07 to 2026-01-08
2026-01-08 01:05:04,786 [INFO]   TSLA: 1 hourly bars (latest only)
2026-01-08 01:05:04,819 [INFO]   TSLA: inserted 1 bars
2026-01-08 01:05:04,819 [INFO] Fetching hourly data for UNH: 2026-01-07 to 2026-01-08
2026-01-08 01:05:04,893 [INFO]   UNH: 1 hourly bars (latest only)
2026-01-08 01:05:04,922 [INFO]   UNH: inserted 1 bars
2026-01-08 01:05:04,922 [INFO] Fetching hourly data for V: 2026-01-07 to 2026-01-08
2026-01-08 01:05:04,974 [INFO]   V: 1 hourly bars (latest only)
2026-01-08 01:05:04,999 [INFO]   V: inserted 1 bars
2026-01-08 01:05:04,999 [INFO] Fetching hourly data for WFC: 2026-01-07 to 2026-01-08
2026-01-08 01:05:05,054 [INFO]   WFC: 1 hourly bars (latest only)
2026-01-08 01:05:05,076 [INFO]   WFC: inserted 1 bars
2026-01-08 01:05:05,077 [INFO] Fetching hourly data for WMT: 2026-01-07 to 2026-01-08
2026-01-08 01:05:05,143 [INFO]   WMT: 1 hourly bars (latest only)
2026-01-08 01:05:05,169 [INFO]   WMT: inserted 1 bars
2026-01-08 01:05:05,169 [INFO] Fetching hourly data for XOM: 2026-01-07 to 2026-01-08
2026-01-08 01:05:05,275 [INFO]   XOM: 1 hourly bars (latest only)
2026-01-08 01:05:05,308 [INFO]   XOM: inserted 1 bars
2026-01-08 01:05:05,308 [INFO] Total: 49 hourly bars collected
2026-01-08 01:05:05,327 [INFO] ✅ Collected 49 hourly bars
2026-01-08 01:05:05 [INFO] scheduler: ✅ data_collection.pipelines.hourly_bars_auto completed in 5.4s
2026-01-08 01:05:05 [INFO] apscheduler.executors.default: Job "run_pipeline (trigger: cron[day_of_week='mon-fri', hour='10-16', minute='5'], next run at: 2026-01-07 13:05:00 EST)" executed successfully
2026-01-08 01:15:00 [INFO] apscheduler.executors.default: Running job "run_pipeline (trigger: cron[hour='6-20', minute='*/15'], next run at: 2026-01-07 12:30:00 EST)" (scheduled at 2026-01-07 12:15:00-05:00)
2026-01-08 01:15:00 [INFO] apscheduler.executors.default: Running job "run_pipeline (trigger: cron[hour='*/4', minute='15'], next run at: 2026-01-07 16:15:00 EST)" (scheduled at 2026-01-07 12:15:00-05:00)
2026-01-08 01:15:00 [INFO] scheduler: Starting pipeline: data_collection.pipelines.sec_rss
2026-01-08 01:15:00 [INFO] scheduler: Starting pipeline: data_collection.pipelines.yfinance_news
2026-01-08 01:15:00,607 INFO __main__: Fetching news for 8 symbols
2026-01-08 01:15:00,776 INFO sec_rss form=8-K entries=40 processed=0 inserted=0 updated=0 skipped_no_accession=0 skipped_no_cik=0 skipped_filtered=40
2026-01-08 01:15:01,113 INFO __main__: ABBV: Found 10 news items
2026-01-08 01:15:01,119 INFO __main__: ABBV: Skipping provider: MarketBeat
2026-01-08 01:15:01,120 INFO __main__: ABBV: Skipping domain: barrons.com
2026-01-08 01:15:01,281 INFO __main__: BAC: Found 10 news items
2026-01-08 01:15:01,295 INFO data_collection.pipelines.cdp_browser: Launching browser on port 9222 (headless=True)...
2026-01-08 01:15:01,313 INFO data_collection.pipelines.cdp_browser: Browser ready on port 9222
2026-01-08 01:15:01,634 INFO sec_rss form=SC 13D entries=0 processed=0 inserted=0 updated=0 skipped_no_accession=0 skipped_no_cik=0 skipped_filtered=0
2026-01-08 01:15:02,384 INFO httpx: HTTP Request: GET http://localhost:9222/json/version "HTTP/1.1 200 OK"
2026-01-08 01:15:02,638 INFO sec_rss form=SC 13D/A entries=0 processed=0 inserted=0 updated=0 skipped_no_accession=0 skipped_no_cik=0 skipped_filtered=0
2026-01-08 01:15:02,639 INFO sec_rss done processed=0 inserted=0 updated=0
2026-01-08 01:15:02 [INFO] scheduler: ✅ data_collection.pipelines.sec_rss completed in 2.7s
2026-01-08 01:15:02 [INFO] apscheduler.executors.default: Job "run_pipeline (trigger: cron[hour='6-20', minute='*/15'], next run at: 2026-01-07 12:30:00 EST)" executed successfully
2026-01-08 01:15:02,798 INFO data_collection.pipelines.cdp_browser: CDP browser fully connected
2026-01-08 01:15:06,690 INFO __main__: BAC: Saved 'Top 3 Sources of Retirement Income — Which One Are...' (doc_id: 510)
2026-01-08 01:15:06,691 INFO __main__: BAC: Skipping provider: MT Newswires
2026-01-08 01:15:09,470 INFO __main__: BAC: Saved 'Bank of America (BAC) Earnings Expected to Grow: S...' (doc_id: 511)
2026-01-08 01:15:09,472 INFO __main__: BAC: Skipping domain: barrons.com
2026-01-08 01:15:09,643 INFO __main__: GE: Found 10 news items
2026-01-08 01:15:09,648 INFO __main__: GE: Skipping domain: marketbeat.com
2026-01-08 01:15:09,649 INFO __main__: GE: Skipping domain: investors.com
2026-01-08 01:15:09,650 INFO __main__: GE: Skipping domain: investors.com
2026-01-08 01:15:09,794 INFO __main__: GOOG: Found 10 news items
2026-01-08 01:15:13,016 INFO __main__: GOOG: Saved 'Despite Bubble Fears, 93% of AI Investors Say They...' (doc_id: 512)
2026-01-08 01:15:15,173 INFO __main__: GOOG: Saved 'Is the AI Supercycle Really Just Beginning?...' (doc_id: 513)
2026-01-08 01:15:17,814 INFO __main__: GOOG: Saved 'Snowflake Adds Gemini 3 To Cortex...' (doc_id: 514)
2026-01-08 01:15:17,816 INFO __main__: GOOG: Skipping domain: investors.com
2026-01-08 01:15:17,817 INFO __main__: GOOG: Skipping domain: barrons.com
2026-01-08 01:15:17,969 INFO __main__: LLY: Found 10 news items
2026-01-08 01:15:21,424 INFO __main__: LLY: Saved 'Eli Lilly (LLY) Stock Is Up, What You Need To Know...' (doc_id: 515)
2026-01-08 01:15:21,425 INFO __main__: LLY: Skipping domain: wsj.com
2026-01-08 01:15:21,425 INFO __main__: LLY: Skipping domain: wsj.com
2026-01-08 01:15:21,425 INFO __main__: LLY: Skipping provider: MT Newswires
2026-01-08 01:15:21,537 INFO __main__: MA: Found 10 news items
2026-01-08 01:15:25,776 INFO __main__: MA: Saved 'Visa, Mastercard, ACI and Wex: 2026 predictions...' (doc_id: 516)
2026-01-08 01:15:25,779 INFO __main__: MA: Skipping domain: marketbeat.com
2026-01-08 01:15:25,913 INFO __main__: V: Found 10 news items
2026-01-08 01:15:25,928 INFO __main__: V: Skipping domain: marketbeat.com
2026-01-08 01:15:26,150 INFO __main__: XOM: Found 10 news items
2026-01-08 01:15:26,154 INFO __main__: XOM: Skipping domain: investors.com
2026-01-08 01:15:26,156 INFO __main__: XOM: Skipping domain: barrons.com
2026-01-08 01:15:26,159 INFO __main__: XOM: Skipping domain: wsj.com
2026-01-08 01:15:26,162 INFO __main__: XOM: Skipping domain: barrons.com
2026-01-08 01:15:26,163 INFO __main__: Collection complete: 7 new, 73 skipped
2026-01-08 01:15:26,207 INFO __main__: Scoring 7 articles with FinBERT...
Device set to use mps:0
2026-01-08 01:15:32,234 INFO __main__: Scored doc_id 516: 4.09 - 'Visa, Mastercard, ACI and Wex: 2026 predictions...'
2026-01-08 01:15:32,348 INFO __main__: Scored doc_id 515: 8.79 - 'Eli Lilly (LLY) Stock Is Up, What You Need To Know...'
2026-01-08 01:15:32,401 INFO __main__: Scored doc_id 514: 0.00 - 'Snowflake Adds Gemini 3 To Cortex...'
2026-01-08 01:15:32,608 INFO __main__: Scored doc_id 513: 3.71 - 'Is the AI Supercycle Really Just Beginning?...'
2026-01-08 01:15:32,752 INFO __main__: Scored doc_id 512: 7.74 - 'Despite Bubble Fears, 93% of AI Investors Say They...'
2026-01-08 01:15:32,983 INFO __main__: Scored doc_id 511: 1.92 - 'Bank of America (BAC) Earnings Expected to Grow: S...'
2026-01-08 01:15:33,187 INFO __main__: Scored doc_id 510: -1.76 - 'Top 3 Sources of Retirement Income — Which One Are...'
2026-01-08 01:15:33,187 INFO __main__: Scoring complete: 7/7 articles
2026-01-08 01:15:33 [INFO] scheduler: ✅ data_collection.pipelines.yfinance_news completed in 33.7s
2026-01-08 01:15:33 [INFO] apscheduler.executors.default: Job "run_pipeline (trigger: cron[hour='*/4', minute='15'], next run at: 2026-01-07 16:15:00 EST)" executed successfully
2026-01-08 01:30:00 [INFO] apscheduler.executors.default: Running job "run_pipeline (trigger: cron[hour='6-20', minute='*/15'], next run at: 2026-01-07 12:45:00 EST)" (scheduled at 2026-01-07 12:30:00-05:00)
2026-01-08 01:30:00 [INFO] scheduler: Starting pipeline: data_collection.pipelines.sec_rss
2026-01-08 01:30:00,800 INFO sec_rss form=8-K entries=40 processed=0 inserted=0 updated=0 skipped_no_accession=0 skipped_no_cik=0 skipped_filtered=40
2026-01-08 01:30:01,830 INFO sec_rss form=SC 13D entries=0 processed=0 inserted=0 updated=0 skipped_no_accession=0 skipped_no_cik=0 skipped_filtered=0
2026-01-08 01:30:02,888 INFO sec_rss form=SC 13D/A entries=0 processed=0 inserted=0 updated=0 skipped_no_accession=0 skipped_no_cik=0 skipped_filtered=0
2026-01-08 01:30:02,892 INFO sec_rss done processed=0 inserted=0 updated=0
2026-01-08 01:30:02 [INFO] scheduler: ✅ data_collection.pipelines.sec_rss completed in 3.0s
2026-01-08 01:30:02 [INFO] apscheduler.executors.default: Job "run_pipeline (trigger: cron[hour='6-20', minute='*/15'], next run at: 2026-01-07 12:45:00 EST)" executed successfully
2026-01-08 01:45:00 [INFO] apscheduler.executors.default: Running job "run_pipeline (trigger: cron[hour='6-20', minute='*/15'], next run at: 2026-01-07 13:00:00 EST)" (scheduled at 2026-01-07 12:45:00-05:00)
2026-01-08 01:45:00 [INFO] scheduler: Starting pipeline: data_collection.pipelines.sec_rss
2026-01-08 01:45:00,835 INFO sec_rss form=8-K entries=40 processed=0 inserted=0 updated=0 skipped_no_accession=0 skipped_no_cik=0 skipped_filtered=40
2026-01-08 01:45:01,527 INFO sec_rss form=SC 13D entries=0 processed=0 inserted=0 updated=0 skipped_no_accession=0 skipped_no_cik=0 skipped_filtered=0
2026-01-08 01:45:02,079 INFO sec_rss form=SC 13D/A entries=0 processed=0 inserted=0 updated=0 skipped_no_accession=0 skipped_no_cik=0 skipped_filtered=0
2026-01-08 01:45:02,084 INFO sec_rss done processed=0 inserted=0 updated=0
2026-01-08 01:45:02 [INFO] scheduler: ✅ data_collection.pipelines.sec_rss completed in 2.1s
2026-01-08 01:45:02 [INFO] apscheduler.executors.default: Job "run_pipeline (trigger: cron[hour='6-20', minute='*/15'], next run at: 2026-01-07 13:00:00 EST)" executed successfully
2026-01-08 02:00:00 [INFO] apscheduler.executors.default: Running job "run_pipeline (trigger: cron[hour='6-20', minute='*/15'], next run at: 2026-01-07 13:15:00 EST)" (scheduled at 2026-01-07 13:00:00-05:00)
2026-01-08 02:00:00 [INFO] scheduler: Starting pipeline: data_collection.pipelines.sec_rss
2026-01-08 02:00:00,831 INFO sec_rss form=8-K entries=40 processed=0 inserted=0 updated=0 skipped_no_accession=0 skipped_no_cik=0 skipped_filtered=40
2026-01-08 02:00:03,073 INFO sec_rss form=SC 13D entries=0 processed=0 inserted=0 updated=0 skipped_no_accession=0 skipped_no_cik=0 skipped_filtered=0
2026-01-08 02:00:04,348 INFO sec_rss form=SC 13D/A entries=0 processed=0 inserted=0 updated=0 skipped_no_accession=0 skipped_no_cik=0 skipped_filtered=0
2026-01-08 02:00:04,351 INFO sec_rss done processed=0 inserted=0 updated=0
2026-01-08 02:00:04 [INFO] scheduler: ✅ data_collection.pipelines.sec_rss completed in 4.4s
2026-01-08 02:00:04 [INFO] apscheduler.executors.default: Job "run_pipeline (trigger: cron[hour='6-20', minute='*/15'], next run at: 2026-01-07 13:15:00 EST)" executed successfully
2026-01-08 02:05:00 [INFO] apscheduler.executors.default: Running job "run_pipeline (trigger: cron[day_of_week='mon-fri', hour='10-16', minute='5'], next run at: 2026-01-07 14:05:00 EST)" (scheduled at 2026-01-07 13:05:00-05:00)
2026-01-08 02:05:00 [INFO] scheduler: Starting pipeline: data_collection.pipelines.hourly_bars_auto
2026-01-08 02:05:00,658 [INFO] Got 50 symbols from universe
2026-01-08 02:05:00,659 [INFO] Collecting hourly bars: 2026-01-07 to 2026-01-08
2026-01-08 02:05:00,659 [INFO] Collecting hourly bars for 50 tickers
2026-01-08 02:05:00,659 [INFO] Period: 2026-01-07 to 2026-01-08
2026-01-08 02:05:00,659 [INFO] Mode: latest-only
2026-01-08 02:05:00,659 [INFO] Fetching hourly data for AAPL: 2026-01-07 to 2026-01-08
2026-01-08 02:05:01,163 [INFO]   AAPL: 1 hourly bars (latest only)
2026-01-08 02:05:01,186 [INFO]   AAPL: inserted 1 bars
2026-01-08 02:05:01,186 [INFO] Fetching hourly data for ABBV: 2026-01-07 to 2026-01-08
2026-01-08 02:05:01,227 [INFO]   ABBV: 1 hourly bars (latest only)
2026-01-08 02:05:01,254 [INFO]   ABBV: inserted 1 bars
2026-01-08 02:05:01,255 [INFO] Fetching hourly data for ABT: 2026-01-07 to 2026-01-08
2026-01-08 02:05:01,293 [INFO]   ABT: 1 hourly bars (latest only)
2026-01-08 02:05:01,316 [INFO]   ABT: inserted 1 bars
2026-01-08 02:05:01,316 [INFO] Fetching hourly data for AMAT: 2026-01-07 to 2026-01-08
2026-01-08 02:05:01,355 [INFO]   AMAT: 1 hourly bars (latest only)
2026-01-08 02:05:01,378 [INFO]   AMAT: inserted 1 bars
2026-01-08 02:05:01,378 [INFO] Fetching hourly data for AMD: 2026-01-07 to 2026-01-08
2026-01-08 02:05:01,422 [INFO]   AMD: 1 hourly bars (latest only)
2026-01-08 02:05:01,458 [INFO]   AMD: inserted 1 bars
2026-01-08 02:05:01,458 [INFO] Fetching hourly data for AMZN: 2026-01-07 to 2026-01-08
2026-01-08 02:05:01,508 [INFO]   AMZN: 1 hourly bars (latest only)
2026-01-08 02:05:01,531 [INFO]   AMZN: inserted 1 bars
2026-01-08 02:05:01,531 [INFO] Fetching hourly data for APP: 2026-01-07 to 2026-01-08
2026-01-08 02:05:01,581 [INFO]   APP: 1 hourly bars (latest only)
2026-01-08 02:05:01,601 [INFO]   APP: inserted 1 bars
2026-01-08 02:05:01,601 [INFO] Fetching hourly data for AVGO: 2026-01-07 to 2026-01-08
2026-01-08 02:05:01,637 [INFO]   AVGO: 1 hourly bars (latest only)
2026-01-08 02:05:01,670 [INFO]   AVGO: inserted 1 bars
2026-01-08 02:05:01,670 [INFO] Fetching hourly data for AXP: 2026-01-07 to 2026-01-08
2026-01-08 02:05:01,736 [INFO]   AXP: 1 hourly bars (latest only)
2026-01-08 02:05:01,759 [INFO]   AXP: inserted 1 bars
2026-01-08 02:05:01,759 [INFO] Fetching hourly data for BAC: 2026-01-07 to 2026-01-08
2026-01-08 02:05:01,810 [INFO]   BAC: 1 hourly bars (latest only)
2026-01-08 02:05:01,825 [INFO]   BAC: inserted 1 bars
2026-01-08 02:05:01,825 [INFO] Fetching hourly data for BRK.B: 2026-01-07 to 2026-01-08
2026-01-08 02:05:02,211 [ERROR] $BRK.B: possibly delisted; no timezone found
2026-01-08 02:05:02,212 [INFO]   BRK.B: 0 hourly bars (latest only)
2026-01-08 02:05:02,212 [INFO]   BRK.B: inserted 0 bars
2026-01-08 02:05:02,212 [INFO] Fetching hourly data for C: 2026-01-07 to 2026-01-08
2026-01-08 02:05:02,271 [INFO]   C: 1 hourly bars (latest only)
2026-01-08 02:05:02,311 [INFO]   C: inserted 1 bars
2026-01-08 02:05:02,311 [INFO] Fetching hourly data for CAT: 2026-01-07 to 2026-01-08
2026-01-08 02:05:02,349 [INFO]   CAT: 1 hourly bars (latest only)
2026-01-08 02:05:02,375 [INFO]   CAT: inserted 1 bars
2026-01-08 02:05:02,375 [INFO] Fetching hourly data for COST: 2026-01-07 to 2026-01-08
2026-01-08 02:05:02,409 [INFO]   COST: 1 hourly bars (latest only)
2026-01-08 02:05:02,429 [INFO]   COST: inserted 1 bars
2026-01-08 02:05:02,429 [INFO] Fetching hourly data for CRM: 2026-01-07 to 2026-01-08
2026-01-08 02:05:02,464 [INFO]   CRM: 1 hourly bars (latest only)
2026-01-08 02:05:02,495 [INFO]   CRM: inserted 1 bars
2026-01-08 02:05:02,496 [INFO] Fetching hourly data for CSCO: 2026-01-07 to 2026-01-08
2026-01-08 02:05:02,533 [INFO]   CSCO: 1 hourly bars (latest only)
2026-01-08 02:05:02,554 [INFO]   CSCO: inserted 1 bars
2026-01-08 02:05:02,555 [INFO] Fetching hourly data for CVX: 2026-01-07 to 2026-01-08
2026-01-08 02:05:02,589 [INFO]   CVX: 1 hourly bars (latest only)
2026-01-08 02:05:02,619 [INFO]   CVX: inserted 1 bars
2026-01-08 02:05:02,619 [INFO] Fetching hourly data for GE: 2026-01-07 to 2026-01-08
2026-01-08 02:05:02,653 [INFO]   GE: 1 hourly bars (latest only)
2026-01-08 02:05:02,678 [INFO]   GE: inserted 1 bars
2026-01-08 02:05:02,678 [INFO] Fetching hourly data for GOOG: 2026-01-07 to 2026-01-08
2026-01-08 02:05:02,715 [INFO]   GOOG: 1 hourly bars (latest only)
2026-01-08 02:05:02,742 [INFO]   GOOG: inserted 1 bars
2026-01-08 02:05:02,742 [INFO] Fetching hourly data for GOOGL: 2026-01-07 to 2026-01-08
2026-01-08 02:05:02,776 [INFO]   GOOGL: 1 hourly bars (latest only)
2026-01-08 02:05:02,806 [INFO]   GOOGL: inserted 1 bars
2026-01-08 02:05:02,806 [INFO] Fetching hourly data for GS: 2026-01-07 to 2026-01-08
2026-01-08 02:05:02,845 [INFO]   GS: 1 hourly bars (latest only)
2026-01-08 02:05:02,878 [INFO]   GS: inserted 1 bars
2026-01-08 02:05:02,878 [INFO] Fetching hourly data for HD: 2026-01-07 to 2026-01-08
2026-01-08 02:05:02,911 [INFO]   HD: 1 hourly bars (latest only)
2026-01-08 02:05:02,939 [INFO]   HD: inserted 1 bars
2026-01-08 02:05:02,939 [INFO] Fetching hourly data for IBM: 2026-01-07 to 2026-01-08
2026-01-08 02:05:02,966 [INFO]   IBM: 1 hourly bars (latest only)
2026-01-08 02:05:02,986 [INFO]   IBM: inserted 1 bars
2026-01-08 02:05:02,986 [INFO] Fetching hourly data for JNJ: 2026-01-07 to 2026-01-08
2026-01-08 02:05:03,022 [INFO]   JNJ: 1 hourly bars (latest only)
2026-01-08 02:05:03,044 [INFO]   JNJ: inserted 1 bars
2026-01-08 02:05:03,045 [INFO] Fetching hourly data for JPM: 2026-01-07 to 2026-01-08
2026-01-08 02:05:03,084 [INFO]   JPM: 1 hourly bars (latest only)
2026-01-08 02:05:03,111 [INFO]   JPM: inserted 1 bars
2026-01-08 02:05:03,112 [INFO] Fetching hourly data for KO: 2026-01-07 to 2026-01-08
2026-01-08 02:05:03,155 [INFO]   KO: 1 hourly bars (latest only)
2026-01-08 02:05:03,178 [INFO]   KO: inserted 1 bars
2026-01-08 02:05:03,178 [INFO] Fetching hourly data for LLY: 2026-01-07 to 2026-01-08
2026-01-08 02:05:03,221 [INFO]   LLY: 1 hourly bars (latest only)
2026-01-08 02:05:03,248 [INFO]   LLY: inserted 1 bars
2026-01-08 02:05:03,248 [INFO] Fetching hourly data for LRCX: 2026-01-07 to 2026-01-08
2026-01-08 02:05:03,292 [INFO]   LRCX: 1 hourly bars (latest only)
2026-01-08 02:05:03,315 [INFO]   LRCX: inserted 1 bars
2026-01-08 02:05:03,315 [INFO] Fetching hourly data for MA: 2026-01-07 to 2026-01-08
2026-01-08 02:05:03,354 [INFO]   MA: 1 hourly bars (latest only)
2026-01-08 02:05:03,369 [INFO]   MA: inserted 1 bars
2026-01-08 02:05:03,369 [INFO] Fetching hourly data for MCD: 2026-01-07 to 2026-01-08
2026-01-08 02:05:03,405 [INFO]   MCD: 1 hourly bars (latest only)
2026-01-08 02:05:03,417 [INFO]   MCD: inserted 1 bars
2026-01-08 02:05:03,417 [INFO] Fetching hourly data for META: 2026-01-07 to 2026-01-08
2026-01-08 02:05:03,453 [INFO]   META: 1 hourly bars (latest only)
2026-01-08 02:05:03,479 [INFO]   META: inserted 1 bars
2026-01-08 02:05:03,479 [INFO] Fetching hourly data for MRK: 2026-01-07 to 2026-01-08
2026-01-08 02:05:03,515 [INFO]   MRK: 1 hourly bars (latest only)
2026-01-08 02:05:03,548 [INFO]   MRK: inserted 1 bars
2026-01-08 02:05:03,548 [INFO] Fetching hourly data for MS: 2026-01-07 to 2026-01-08
2026-01-08 02:05:03,584 [INFO]   MS: 1 hourly bars (latest only)
2026-01-08 02:05:03,611 [INFO]   MS: inserted 1 bars
2026-01-08 02:05:03,611 [INFO] Fetching hourly data for MSFT: 2026-01-07 to 2026-01-08
2026-01-08 02:05:03,649 [INFO]   MSFT: 1 hourly bars (latest only)
2026-01-08 02:05:03,674 [INFO]   MSFT: inserted 1 bars
2026-01-08 02:05:03,674 [INFO] Fetching hourly data for MU: 2026-01-07 to 2026-01-08
2026-01-08 02:05:03,705 [INFO]   MU: 1 hourly bars (latest only)
2026-01-08 02:05:03,746 [INFO]   MU: inserted 1 bars
2026-01-08 02:05:03,746 [INFO] Fetching hourly data for NFLX: 2026-01-07 to 2026-01-08
2026-01-08 02:05:03,785 [INFO]   NFLX: 1 hourly bars (latest only)
2026-01-08 02:05:03,814 [INFO]   NFLX: inserted 1 bars
2026-01-08 02:05:03,814 [INFO] Fetching hourly data for NVDA: 2026-01-07 to 2026-01-08
2026-01-08 02:05:03,856 [INFO]   NVDA: 1 hourly bars (latest only)
2026-01-08 02:05:03,865 [INFO]   NVDA: inserted 1 bars
2026-01-08 02:05:03,866 [INFO] Fetching hourly data for ORCL: 2026-01-07 to 2026-01-08
2026-01-08 02:05:03,895 [INFO]   ORCL: 1 hourly bars (latest only)
2026-01-08 02:05:03,910 [INFO]   ORCL: inserted 1 bars
2026-01-08 02:05:03,910 [INFO] Fetching hourly data for PG: 2026-01-07 to 2026-01-08
2026-01-08 02:05:03,946 [INFO]   PG: 1 hourly bars (latest only)
2026-01-08 02:05:03,978 [INFO]   PG: inserted 1 bars
2026-01-08 02:05:03,978 [INFO] Fetching hourly data for PLTR: 2026-01-07 to 2026-01-08
2026-01-08 02:05:04,007 [INFO]   PLTR: 1 hourly bars (latest only)
2026-01-08 02:05:04,033 [INFO]   PLTR: inserted 1 bars
2026-01-08 02:05:04,033 [INFO] Fetching hourly data for PM: 2026-01-07 to 2026-01-08
2026-01-08 02:05:04,090 [INFO]   PM: 1 hourly bars (latest only)
2026-01-08 02:05:04,101 [INFO]   PM: inserted 1 bars
2026-01-08 02:05:04,101 [INFO] Fetching hourly data for RTX: 2026-01-07 to 2026-01-08
2026-01-08 02:05:04,141 [INFO]   RTX: 1 hourly bars (latest only)
2026-01-08 02:05:04,158 [INFO]   RTX: inserted 1 bars
2026-01-08 02:05:04,158 [INFO] Fetching hourly data for TMO: 2026-01-07 to 2026-01-08
2026-01-08 02:05:04,217 [INFO]   TMO: 1 hourly bars (latest only)
2026-01-08 02:05:04,239 [INFO]   TMO: inserted 1 bars
2026-01-08 02:05:04,239 [INFO] Fetching hourly data for TMUS: 2026-01-07 to 2026-01-08
2026-01-08 02:05:04,274 [INFO]   TMUS: 1 hourly bars (latest only)
2026-01-08 02:05:04,284 [INFO]   TMUS: inserted 1 bars
2026-01-08 02:05:04,284 [INFO] Fetching hourly data for TSLA: 2026-01-07 to 2026-01-08
2026-01-08 02:05:04,322 [INFO]   TSLA: 1 hourly bars (latest only)
2026-01-08 02:05:04,351 [INFO]   TSLA: inserted 1 bars
2026-01-08 02:05:04,351 [INFO] Fetching hourly data for UNH: 2026-01-07 to 2026-01-08
2026-01-08 02:05:04,389 [INFO]   UNH: 1 hourly bars (latest only)
2026-01-08 02:05:04,419 [INFO]   UNH: inserted 1 bars
2026-01-08 02:05:04,419 [INFO] Fetching hourly data for V: 2026-01-07 to 2026-01-08
2026-01-08 02:05:04,457 [INFO]   V: 1 hourly bars (latest only)
2026-01-08 02:05:04,481 [INFO]   V: inserted 1 bars
2026-01-08 02:05:04,481 [INFO] Fetching hourly data for WFC: 2026-01-07 to 2026-01-08
2026-01-08 02:05:04,516 [INFO]   WFC: 1 hourly bars (latest only)
2026-01-08 02:05:04,548 [INFO]   WFC: inserted 1 bars
2026-01-08 02:05:04,548 [INFO] Fetching hourly data for WMT: 2026-01-07 to 2026-01-08
2026-01-08 02:05:04,583 [INFO]   WMT: 1 hourly bars (latest only)
2026-01-08 02:05:04,610 [INFO]   WMT: inserted 1 bars
2026-01-08 02:05:04,610 [INFO] Fetching hourly data for XOM: 2026-01-07 to 2026-01-08
2026-01-08 02:05:04,652 [INFO]   XOM: 1 hourly bars (latest only)
2026-01-08 02:05:04,676 [INFO]   XOM: inserted 1 bars
2026-01-08 02:05:04,676 [INFO] Total: 49 hourly bars collected
2026-01-08 02:05:04,689 [INFO] ✅ Collected 49 hourly bars
2026-01-08 02:05:04 [INFO] scheduler: ✅ data_collection.pipelines.hourly_bars_auto completed in 4.8s
2026-01-08 02:05:04 [INFO] apscheduler.executors.default: Job "run_pipeline (trigger: cron[day_of_week='mon-fri', hour='10-16', minute='5'], next run at: 2026-01-07 14:05:00 EST)" executed successfully
2026-01-08 02:15:00 [INFO] apscheduler.executors.default: Running job "run_pipeline (trigger: cron[hour='6-20', minute='*/15'], next run at: 2026-01-07 13:30:00 EST)" (scheduled at 2026-01-07 13:15:00-05:00)
2026-01-08 02:15:00 [INFO] scheduler: Starting pipeline: data_collection.pipelines.sec_rss
2026-01-08 02:15:00,582 INFO sec_rss form=8-K entries=40 processed=0 inserted=0 updated=0 skipped_no_accession=0 skipped_no_cik=0 skipped_filtered=40
2026-01-08 02:15:01,392 INFO sec_rss form=SC 13D entries=0 processed=0 inserted=0 updated=0 skipped_no_accession=0 skipped_no_cik=0 skipped_filtered=0
2026-01-08 02:15:02,155 INFO sec_rss form=SC 13D/A entries=0 processed=0 inserted=0 updated=0 skipped_no_accession=0 skipped_no_cik=0 skipped_filtered=0
2026-01-08 02:15:02,160 INFO sec_rss done processed=0 inserted=0 updated=0
2026-01-08 02:15:02 [INFO] scheduler: ✅ data_collection.pipelines.sec_rss completed in 2.2s
2026-01-08 02:15:02 [INFO] apscheduler.executors.default: Job "run_pipeline (trigger: cron[hour='6-20', minute='*/15'], next run at: 2026-01-07 13:30:00 EST)" executed successfully
2026-01-08 02:30:00 [INFO] apscheduler.executors.default: Running job "run_pipeline (trigger: cron[hour='6-20', minute='*/15'], next run at: 2026-01-07 13:45:00 EST)" (scheduled at 2026-01-07 13:30:00-05:00)
2026-01-08 02:30:00 [INFO] scheduler: Starting pipeline: data_collection.pipelines.sec_rss
2026-01-08 02:30:00,716 INFO sec_rss form=8-K entries=40 processed=0 inserted=0 updated=0 skipped_no_accession=0 skipped_no_cik=0 skipped_filtered=40
2026-01-08 02:30:02,856 INFO sec_rss form=SC 13D entries=0 processed=0 inserted=0 updated=0 skipped_no_accession=0 skipped_no_cik=0 skipped_filtered=0
2026-01-08 02:30:04,189 INFO sec_rss form=SC 13D/A entries=0 processed=0 inserted=0 updated=0 skipped_no_accession=0 skipped_no_cik=0 skipped_filtered=0
2026-01-08 02:30:04,194 INFO sec_rss done processed=0 inserted=0 updated=0
2026-01-08 02:30:04 [INFO] scheduler: ✅ data_collection.pipelines.sec_rss completed in 4.3s
2026-01-08 02:30:04 [INFO] apscheduler.executors.default: Job "run_pipeline (trigger: cron[hour='6-20', minute='*/15'], next run at: 2026-01-07 13:45:00 EST)" executed successfully
2026-01-08 02:45:00 [INFO] apscheduler.executors.default: Running job "run_pipeline (trigger: cron[hour='6-20', minute='*/15'], next run at: 2026-01-07 14:00:00 EST)" (scheduled at 2026-01-07 13:45:00-05:00)
2026-01-08 02:45:00 [INFO] scheduler: Starting pipeline: data_collection.pipelines.sec_rss
2026-01-08 02:45:01,720 INFO sec_rss form=8-K entries=40 processed=0 inserted=0 updated=0 skipped_no_accession=0 skipped_no_cik=0 skipped_filtered=40
2026-01-08 02:45:02,684 INFO sec_rss form=SC 13D entries=0 processed=0 inserted=0 updated=0 skipped_no_accession=0 skipped_no_cik=0 skipped_filtered=0
2026-01-08 02:45:03,884 INFO sec_rss form=SC 13D/A entries=0 processed=0 inserted=0 updated=0 skipped_no_accession=0 skipped_no_cik=0 skipped_filtered=0
2026-01-08 02:45:03,887 INFO sec_rss done processed=0 inserted=0 updated=0
2026-01-08 02:45:03 [INFO] scheduler: ✅ data_collection.pipelines.sec_rss completed in 3.9s
2026-01-08 02:45:03 [INFO] apscheduler.executors.default: Job "run_pipeline (trigger: cron[hour='6-20', minute='*/15'], next run at: 2026-01-07 14:00:00 EST)" executed successfully
2026-01-08 03:00:00 [INFO] apscheduler.executors.default: Running job "run_pipeline (trigger: cron[hour='6-20', minute='*/15'], next run at: 2026-01-07 14:15:00 EST)" (scheduled at 2026-01-07 14:00:00-05:00)
2026-01-08 03:00:00 [INFO] scheduler: Starting pipeline: data_collection.pipelines.sec_rss
2026-01-08 03:00:00,919 INFO sec_rss form=8-K entries=40 processed=0 inserted=0 updated=0 skipped_no_accession=0 skipped_no_cik=0 skipped_filtered=40
2026-01-08 03:00:01,322 INFO sec_rss form=SC 13D entries=0 processed=0 inserted=0 updated=0 skipped_no_accession=0 skipped_no_cik=0 skipped_filtered=0
2026-01-08 03:00:01,710 INFO sec_rss form=SC 13D/A entries=0 processed=0 inserted=0 updated=0 skipped_no_accession=0 skipped_no_cik=0 skipped_filtered=0
2026-01-08 03:00:01,714 INFO sec_rss done processed=0 inserted=0 updated=0
2026-01-08 03:00:01 [INFO] scheduler: ✅ data_collection.pipelines.sec_rss completed in 1.7s
2026-01-08 03:00:01 [INFO] apscheduler.executors.default: Job "run_pipeline (trigger: cron[hour='6-20', minute='*/15'], next run at: 2026-01-07 14:15:00 EST)" executed successfully
2026-01-08 03:05:00 [INFO] apscheduler.executors.default: Running job "run_pipeline (trigger: cron[day_of_week='mon-fri', hour='10-16', minute='5'], next run at: 2026-01-07 15:05:00 EST)" (scheduled at 2026-01-07 14:05:00-05:00)
2026-01-08 03:05:00 [INFO] scheduler: Starting pipeline: data_collection.pipelines.hourly_bars_auto
2026-01-08 03:05:00,741 [INFO] Got 50 symbols from universe
2026-01-08 03:05:00,741 [INFO] Collecting hourly bars: 2026-01-07 to 2026-01-08
2026-01-08 03:05:00,741 [INFO] Collecting hourly bars for 50 tickers
2026-01-08 03:05:00,741 [INFO] Period: 2026-01-07 to 2026-01-08
2026-01-08 03:05:00,741 [INFO] Mode: latest-only
2026-01-08 03:05:00,741 [INFO] Fetching hourly data for AAPL: 2026-01-07 to 2026-01-08
2026-01-08 03:05:01,224 [INFO]   AAPL: 1 hourly bars (latest only)
2026-01-08 03:05:01,266 [INFO]   AAPL: inserted 1 bars
2026-01-08 03:05:01,266 [INFO] Fetching hourly data for ABBV: 2026-01-07 to 2026-01-08
2026-01-08 03:05:01,308 [INFO]   ABBV: 1 hourly bars (latest only)
2026-01-08 03:05:01,336 [INFO]   ABBV: inserted 1 bars
2026-01-08 03:05:01,336 [INFO] Fetching hourly data for ABT: 2026-01-07 to 2026-01-08
2026-01-08 03:05:01,385 [INFO]   ABT: 1 hourly bars (latest only)
2026-01-08 03:05:01,416 [INFO]   ABT: inserted 1 bars
2026-01-08 03:05:01,416 [INFO] Fetching hourly data for AMAT: 2026-01-07 to 2026-01-08
2026-01-08 03:05:01,465 [INFO]   AMAT: 1 hourly bars (latest only)
2026-01-08 03:05:01,503 [INFO]   AMAT: inserted 1 bars
2026-01-08 03:05:01,503 [INFO] Fetching hourly data for AMD: 2026-01-07 to 2026-01-08
2026-01-08 03:05:01,551 [INFO]   AMD: 1 hourly bars (latest only)
2026-01-08 03:05:01,569 [INFO]   AMD: inserted 1 bars
2026-01-08 03:05:01,569 [INFO] Fetching hourly data for AMZN: 2026-01-07 to 2026-01-08
2026-01-08 03:05:01,613 [INFO]   AMZN: 1 hourly bars (latest only)
2026-01-08 03:05:01,649 [INFO]   AMZN: inserted 1 bars
2026-01-08 03:05:01,650 [INFO] Fetching hourly data for APP: 2026-01-07 to 2026-01-08
2026-01-08 03:05:01,708 [INFO]   APP: 1 hourly bars (latest only)
2026-01-08 03:05:01,741 [INFO]   APP: inserted 1 bars
2026-01-08 03:05:01,741 [INFO] Fetching hourly data for AVGO: 2026-01-07 to 2026-01-08
2026-01-08 03:05:01,794 [INFO]   AVGO: 1 hourly bars (latest only)
2026-01-08 03:05:01,829 [INFO]   AVGO: inserted 1 bars
2026-01-08 03:05:01,829 [INFO] Fetching hourly data for AXP: 2026-01-07 to 2026-01-08
2026-01-08 03:05:01,878 [INFO]   AXP: 1 hourly bars (latest only)
2026-01-08 03:05:01,913 [INFO]   AXP: inserted 1 bars
2026-01-08 03:05:01,913 [INFO] Fetching hourly data for BAC: 2026-01-07 to 2026-01-08
2026-01-08 03:05:01,973 [INFO]   BAC: 1 hourly bars (latest only)
2026-01-08 03:05:02,001 [INFO]   BAC: inserted 1 bars
2026-01-08 03:05:02,001 [INFO] Fetching hourly data for BRK.B: 2026-01-07 to 2026-01-08
2026-01-08 03:05:02,441 [ERROR] $BRK.B: possibly delisted; no timezone found
2026-01-08 03:05:02,441 [INFO]   BRK.B: 0 hourly bars (latest only)
2026-01-08 03:05:02,441 [INFO]   BRK.B: inserted 0 bars
2026-01-08 03:05:02,441 [INFO] Fetching hourly data for C: 2026-01-07 to 2026-01-08
2026-01-08 03:05:02,489 [INFO]   C: 1 hourly bars (latest only)
2026-01-08 03:05:02,525 [INFO]   C: inserted 1 bars
2026-01-08 03:05:02,525 [INFO] Fetching hourly data for CAT: 2026-01-07 to 2026-01-08
2026-01-08 03:05:02,575 [INFO]   CAT: 1 hourly bars (latest only)
2026-01-08 03:05:02,601 [INFO]   CAT: inserted 1 bars
2026-01-08 03:05:02,601 [INFO] Fetching hourly data for COST: 2026-01-07 to 2026-01-08
2026-01-08 03:05:02,652 [INFO]   COST: 1 hourly bars (latest only)
2026-01-08 03:05:02,667 [INFO]   COST: inserted 1 bars
2026-01-08 03:05:02,667 [INFO] Fetching hourly data for CRM: 2026-01-07 to 2026-01-08
2026-01-08 03:05:02,715 [INFO]   CRM: 1 hourly bars (latest only)
2026-01-08 03:05:02,724 [INFO]   CRM: inserted 1 bars
2026-01-08 03:05:02,724 [INFO] Fetching hourly data for CSCO: 2026-01-07 to 2026-01-08
2026-01-08 03:05:02,771 [INFO]   CSCO: 1 hourly bars (latest only)
2026-01-08 03:05:02,788 [INFO]   CSCO: inserted 1 bars
2026-01-08 03:05:02,789 [INFO] Fetching hourly data for CVX: 2026-01-07 to 2026-01-08
2026-01-08 03:05:02,836 [INFO]   CVX: 1 hourly bars (latest only)
2026-01-08 03:05:02,861 [INFO]   CVX: inserted 1 bars
2026-01-08 03:05:02,861 [INFO] Fetching hourly data for GE: 2026-01-07 to 2026-01-08
2026-01-08 03:05:02,909 [INFO]   GE: 1 hourly bars (latest only)
2026-01-08 03:05:02,941 [INFO]   GE: inserted 1 bars
2026-01-08 03:05:02,941 [INFO] Fetching hourly data for GOOG: 2026-01-07 to 2026-01-08
2026-01-08 03:05:02,992 [INFO]   GOOG: 1 hourly bars (latest only)
2026-01-08 03:05:03,024 [INFO]   GOOG: inserted 1 bars
2026-01-08 03:05:03,024 [INFO] Fetching hourly data for GOOGL: 2026-01-07 to 2026-01-08
2026-01-08 03:05:03,072 [INFO]   GOOGL: 1 hourly bars (latest only)
2026-01-08 03:05:03,101 [INFO]   GOOGL: inserted 1 bars
2026-01-08 03:05:03,101 [INFO] Fetching hourly data for GS: 2026-01-07 to 2026-01-08
2026-01-08 03:05:03,147 [INFO]   GS: 1 hourly bars (latest only)
2026-01-08 03:05:03,174 [INFO]   GS: inserted 1 bars
2026-01-08 03:05:03,174 [INFO] Fetching hourly data for HD: 2026-01-07 to 2026-01-08
2026-01-08 03:05:03,221 [INFO]   HD: 1 hourly bars (latest only)
2026-01-08 03:05:03,246 [INFO]   HD: inserted 1 bars
2026-01-08 03:05:03,246 [INFO] Fetching hourly data for IBM: 2026-01-07 to 2026-01-08
2026-01-08 03:05:03,296 [INFO]   IBM: 1 hourly bars (latest only)
2026-01-08 03:05:03,326 [INFO]   IBM: inserted 1 bars
2026-01-08 03:05:03,326 [INFO] Fetching hourly data for JNJ: 2026-01-07 to 2026-01-08
2026-01-08 03:05:03,369 [INFO]   JNJ: 1 hourly bars (latest only)
2026-01-08 03:05:03,398 [INFO]   JNJ: inserted 1 bars
2026-01-08 03:05:03,399 [INFO] Fetching hourly data for JPM: 2026-01-07 to 2026-01-08
2026-01-08 03:05:03,442 [INFO]   JPM: 1 hourly bars (latest only)
2026-01-08 03:05:03,474 [INFO]   JPM: inserted 1 bars
2026-01-08 03:05:03,474 [INFO] Fetching hourly data for KO: 2026-01-07 to 2026-01-08
2026-01-08 03:05:03,518 [INFO]   KO: 1 hourly bars (latest only)
2026-01-08 03:05:03,551 [INFO]   KO: inserted 1 bars
2026-01-08 03:05:03,551 [INFO] Fetching hourly data for LLY: 2026-01-07 to 2026-01-08
2026-01-08 03:05:03,605 [INFO]   LLY: 1 hourly bars (latest only)
2026-01-08 03:05:03,634 [INFO]   LLY: inserted 1 bars
2026-01-08 03:05:03,634 [INFO] Fetching hourly data for LRCX: 2026-01-07 to 2026-01-08
2026-01-08 03:05:03,678 [INFO]   LRCX: 1 hourly bars (latest only)
2026-01-08 03:05:03,716 [INFO]   LRCX: inserted 1 bars
2026-01-08 03:05:03,716 [INFO] Fetching hourly data for MA: 2026-01-07 to 2026-01-08
2026-01-08 03:05:03,765 [INFO]   MA: 1 hourly bars (latest only)
2026-01-08 03:05:03,795 [INFO]   MA: inserted 1 bars
2026-01-08 03:05:03,795 [INFO] Fetching hourly data for MCD: 2026-01-07 to 2026-01-08
2026-01-08 03:05:03,844 [INFO]   MCD: 1 hourly bars (latest only)
2026-01-08 03:05:03,866 [INFO]   MCD: inserted 1 bars
2026-01-08 03:05:03,866 [INFO] Fetching hourly data for META: 2026-01-07 to 2026-01-08
2026-01-08 03:05:03,911 [INFO]   META: 1 hourly bars (latest only)
2026-01-08 03:05:03,943 [INFO]   META: inserted 1 bars
2026-01-08 03:05:03,943 [INFO] Fetching hourly data for MRK: 2026-01-07 to 2026-01-08
2026-01-08 03:05:03,994 [INFO]   MRK: 1 hourly bars (latest only)
2026-01-08 03:05:04,017 [INFO]   MRK: inserted 1 bars
2026-01-08 03:05:04,017 [INFO] Fetching hourly data for MS: 2026-01-07 to 2026-01-08
2026-01-08 03:05:04,062 [INFO]   MS: 1 hourly bars (latest only)
2026-01-08 03:05:04,082 [INFO]   MS: inserted 1 bars
2026-01-08 03:05:04,082 [INFO] Fetching hourly data for MSFT: 2026-01-07 to 2026-01-08
2026-01-08 03:05:04,131 [INFO]   MSFT: 1 hourly bars (latest only)
2026-01-08 03:05:04,160 [INFO]   MSFT: inserted 1 bars
2026-01-08 03:05:04,160 [INFO] Fetching hourly data for MU: 2026-01-07 to 2026-01-08
2026-01-08 03:05:04,215 [INFO]   MU: 1 hourly bars (latest only)
2026-01-08 03:05:04,240 [INFO]   MU: inserted 1 bars
2026-01-08 03:05:04,240 [INFO] Fetching hourly data for NFLX: 2026-01-07 to 2026-01-08
2026-01-08 03:05:04,287 [INFO]   NFLX: 1 hourly bars (latest only)
2026-01-08 03:05:04,313 [INFO]   NFLX: inserted 1 bars
2026-01-08 03:05:04,313 [INFO] Fetching hourly data for NVDA: 2026-01-07 to 2026-01-08
2026-01-08 03:05:04,361 [INFO]   NVDA: 1 hourly bars (latest only)
2026-01-08 03:05:04,400 [INFO]   NVDA: inserted 1 bars
2026-01-08 03:05:04,400 [INFO] Fetching hourly data for ORCL: 2026-01-07 to 2026-01-08
2026-01-08 03:05:04,453 [INFO]   ORCL: 1 hourly bars (latest only)
2026-01-08 03:05:04,484 [INFO]   ORCL: inserted 1 bars
2026-01-08 03:05:04,484 [INFO] Fetching hourly data for PG: 2026-01-07 to 2026-01-08
2026-01-08 03:05:04,545 [INFO]   PG: 1 hourly bars (latest only)
2026-01-08 03:05:04,566 [INFO]   PG: inserted 1 bars
2026-01-08 03:05:04,566 [INFO] Fetching hourly data for PLTR: 2026-01-07 to 2026-01-08
2026-01-08 03:05:04,627 [INFO]   PLTR: 1 hourly bars (latest only)
2026-01-08 03:05:04,647 [INFO]   PLTR: inserted 1 bars
2026-01-08 03:05:04,647 [INFO] Fetching hourly data for PM: 2026-01-07 to 2026-01-08
2026-01-08 03:05:04,697 [INFO]   PM: 1 hourly bars (latest only)
2026-01-08 03:05:04,722 [INFO]   PM: inserted 1 bars
2026-01-08 03:05:04,722 [INFO] Fetching hourly data for RTX: 2026-01-07 to 2026-01-08
2026-01-08 03:05:04,776 [INFO]   RTX: 1 hourly bars (latest only)
2026-01-08 03:05:04,811 [INFO]   RTX: inserted 1 bars
2026-01-08 03:05:04,811 [INFO] Fetching hourly data for TMO: 2026-01-07 to 2026-01-08
2026-01-08 03:05:04,858 [INFO]   TMO: 1 hourly bars (latest only)
2026-01-08 03:05:04,884 [INFO]   TMO: inserted 1 bars
2026-01-08 03:05:04,885 [INFO] Fetching hourly data for TMUS: 2026-01-07 to 2026-01-08
2026-01-08 03:05:04,939 [INFO]   TMUS: 1 hourly bars (latest only)
2026-01-08 03:05:04,955 [INFO]   TMUS: inserted 1 bars
2026-01-08 03:05:04,955 [INFO] Fetching hourly data for TSLA: 2026-01-07 to 2026-01-08
2026-01-08 03:05:04,999 [INFO]   TSLA: 1 hourly bars (latest only)
2026-01-08 03:05:05,037 [INFO]   TSLA: inserted 1 bars
2026-01-08 03:05:05,037 [INFO] Fetching hourly data for UNH: 2026-01-07 to 2026-01-08
2026-01-08 03:05:05,078 [INFO]   UNH: 1 hourly bars (latest only)
2026-01-08 03:05:05,101 [INFO]   UNH: inserted 1 bars
2026-01-08 03:05:05,101 [INFO] Fetching hourly data for V: 2026-01-07 to 2026-01-08
2026-01-08 03:05:05,145 [INFO]   V: 1 hourly bars (latest only)
2026-01-08 03:05:05,166 [INFO]   V: inserted 1 bars
2026-01-08 03:05:05,166 [INFO] Fetching hourly data for WFC: 2026-01-07 to 2026-01-08
2026-01-08 03:05:05,211 [INFO]   WFC: 1 hourly bars (latest only)
2026-01-08 03:05:05,239 [INFO]   WFC: inserted 1 bars
2026-01-08 03:05:05,239 [INFO] Fetching hourly data for WMT: 2026-01-07 to 2026-01-08
2026-01-08 03:05:05,289 [INFO]   WMT: 1 hourly bars (latest only)
2026-01-08 03:05:05,315 [INFO]   WMT: inserted 1 bars
2026-01-08 03:05:05,315 [INFO] Fetching hourly data for XOM: 2026-01-07 to 2026-01-08
2026-01-08 03:05:05,359 [INFO]   XOM: 1 hourly bars (latest only)
2026-01-08 03:05:05,386 [INFO]   XOM: inserted 1 bars
2026-01-08 03:05:05,386 [INFO] Total: 49 hourly bars collected
2026-01-08 03:05:05,398 [INFO] ✅ Collected 49 hourly bars
2026-01-08 03:05:05 [INFO] scheduler: ✅ data_collection.pipelines.hourly_bars_auto completed in 5.4s
2026-01-08 03:05:05 [INFO] apscheduler.executors.default: Job "run_pipeline (trigger: cron[day_of_week='mon-fri', hour='10-16', minute='5'], next run at: 2026-01-07 15:05:00 EST)" executed successfully
2026-01-08 03:15:00 [INFO] apscheduler.executors.default: Running job "run_pipeline (trigger: cron[hour='6-20', minute='*/15'], next run at: 2026-01-07 14:30:00 EST)" (scheduled at 2026-01-07 14:15:00-05:00)
2026-01-08 03:15:00 [INFO] scheduler: Starting pipeline: data_collection.pipelines.sec_rss
2026-01-08 03:15:01,116 INFO sec_rss form=8-K entries=40 processed=0 inserted=0 updated=0 skipped_no_accession=0 skipped_no_cik=0 skipped_filtered=40
2026-01-08 03:15:01,939 INFO sec_rss form=SC 13D entries=0 processed=0 inserted=0 updated=0 skipped_no_accession=0 skipped_no_cik=0 skipped_filtered=0
2026-01-08 03:15:03,420 INFO sec_rss form=SC 13D/A entries=0 processed=0 inserted=0 updated=0 skipped_no_accession=0 skipped_no_cik=0 skipped_filtered=0
2026-01-08 03:15:03,427 INFO sec_rss done processed=0 inserted=0 updated=0
2026-01-08 03:15:03 [INFO] scheduler: ✅ data_collection.pipelines.sec_rss completed in 3.5s
2026-01-08 03:15:03 [INFO] apscheduler.executors.default: Job "run_pipeline (trigger: cron[hour='6-20', minute='*/15'], next run at: 2026-01-07 14:30:00 EST)" executed successfully
2026-01-08 03:30:00 [INFO] apscheduler.executors.default: Running job "run_pipeline (trigger: cron[hour='6-20', minute='*/15'], next run at: 2026-01-07 14:45:00 EST)" (scheduled at 2026-01-07 14:30:00-05:00)
2026-01-08 03:30:00 [INFO] scheduler: Starting pipeline: data_collection.pipelines.sec_rss
2026-01-08 03:30:00,811 INFO sec_rss form=8-K entries=40 processed=0 inserted=0 updated=0 skipped_no_accession=0 skipped_no_cik=0 skipped_filtered=40
2026-01-08 03:30:01,573 INFO sec_rss form=SC 13D entries=0 processed=0 inserted=0 updated=0 skipped_no_accession=0 skipped_no_cik=0 skipped_filtered=0
2026-01-08 03:30:02,724 INFO sec_rss form=SC 13D/A entries=0 processed=0 inserted=0 updated=0 skipped_no_accession=0 skipped_no_cik=0 skipped_filtered=0
2026-01-08 03:30:02,732 INFO sec_rss done processed=0 inserted=0 updated=0
2026-01-08 03:30:02 [INFO] scheduler: ✅ data_collection.pipelines.sec_rss completed in 2.8s
2026-01-08 03:30:02 [INFO] apscheduler.executors.default: Job "run_pipeline (trigger: cron[hour='6-20', minute='*/15'], next run at: 2026-01-07 14:45:00 EST)" executed successfully
2026-01-08 03:45:00 [INFO] apscheduler.executors.default: Running job "run_pipeline (trigger: cron[hour='6-20', minute='*/15'], next run at: 2026-01-07 15:00:00 EST)" (scheduled at 2026-01-07 14:45:00-05:00)
2026-01-08 03:45:00 [INFO] scheduler: Starting pipeline: data_collection.pipelines.sec_rss
2026-01-08 03:45:00,815 INFO sec_rss form=8-K entries=40 processed=0 inserted=0 updated=0 skipped_no_accession=0 skipped_no_cik=0 skipped_filtered=40
2026-01-08 03:45:01,829 INFO sec_rss form=SC 13D entries=0 processed=0 inserted=0 updated=0 skipped_no_accession=0 skipped_no_cik=0 skipped_filtered=0
2026-01-08 03:45:02,582 INFO sec_rss form=SC 13D/A entries=0 processed=0 inserted=0 updated=0 skipped_no_accession=0 skipped_no_cik=0 skipped_filtered=0
2026-01-08 03:45:02,584 INFO sec_rss done processed=0 inserted=0 updated=0
2026-01-08 03:45:02 [INFO] scheduler: ✅ data_collection.pipelines.sec_rss completed in 2.6s
2026-01-08 03:45:02 [INFO] apscheduler.executors.default: Job "run_pipeline (trigger: cron[hour='6-20', minute='*/15'], next run at: 2026-01-07 15:00:00 EST)" executed successfully
2026-01-08 04:00:00 [INFO] apscheduler.executors.default: Running job "run_pipeline (trigger: cron[hour='6-20', minute='*/15'], next run at: 2026-01-07 15:15:00 EST)" (scheduled at 2026-01-07 15:00:00-05:00)
2026-01-08 04:00:00 [INFO] scheduler: Starting pipeline: data_collection.pipelines.sec_rss
2026-01-08 04:00:00,902 INFO sec_rss form=8-K entries=40 processed=0 inserted=0 updated=0 skipped_no_accession=0 skipped_no_cik=0 skipped_filtered=40
2026-01-08 04:00:01,816 INFO sec_rss form=SC 13D entries=0 processed=0 inserted=0 updated=0 skipped_no_accession=0 skipped_no_cik=0 skipped_filtered=0
2026-01-08 04:00:02,132 INFO sec_rss form=SC 13D/A entries=0 processed=0 inserted=0 updated=0 skipped_no_accession=0 skipped_no_cik=0 skipped_filtered=0
2026-01-08 04:00:02,137 INFO sec_rss done processed=0 inserted=0 updated=0
2026-01-08 04:00:02 [INFO] scheduler: ✅ data_collection.pipelines.sec_rss completed in 2.2s
2026-01-08 04:00:02 [INFO] apscheduler.executors.default: Job "run_pipeline (trigger: cron[hour='6-20', minute='*/15'], next run at: 2026-01-07 15:15:00 EST)" executed successfully
2026-01-08 04:05:00 [INFO] apscheduler.executors.default: Running job "run_pipeline (trigger: cron[day_of_week='mon-fri', hour='10-16', minute='5'], next run at: 2026-01-07 16:05:00 EST)" (scheduled at 2026-01-07 15:05:00-05:00)
2026-01-08 04:05:00 [INFO] scheduler: Starting pipeline: data_collection.pipelines.hourly_bars_auto
2026-01-08 04:05:00,719 [INFO] Got 50 symbols from universe
2026-01-08 04:05:00,720 [INFO] Collecting hourly bars: 2026-01-07 to 2026-01-08
2026-01-08 04:05:00,720 [INFO] Collecting hourly bars for 50 tickers
2026-01-08 04:05:00,720 [INFO] Period: 2026-01-07 to 2026-01-08
2026-01-08 04:05:00,720 [INFO] Mode: latest-only
2026-01-08 04:05:00,720 [INFO] Fetching hourly data for AAPL: 2026-01-07 to 2026-01-08
2026-01-08 04:05:01,194 [INFO]   AAPL: 1 hourly bars (latest only)
2026-01-08 04:05:01,244 [INFO]   AAPL: inserted 1 bars
2026-01-08 04:05:01,245 [INFO] Fetching hourly data for ABBV: 2026-01-07 to 2026-01-08
2026-01-08 04:05:01,305 [INFO]   ABBV: 1 hourly bars (latest only)
2026-01-08 04:05:01,344 [INFO]   ABBV: inserted 1 bars
2026-01-08 04:05:01,344 [INFO] Fetching hourly data for ABT: 2026-01-07 to 2026-01-08
2026-01-08 04:05:01,399 [INFO]   ABT: 1 hourly bars (latest only)
2026-01-08 04:05:01,437 [INFO]   ABT: inserted 1 bars
2026-01-08 04:05:01,437 [INFO] Fetching hourly data for AMAT: 2026-01-07 to 2026-01-08
2026-01-08 04:05:01,479 [INFO]   AMAT: 1 hourly bars (latest only)
2026-01-08 04:05:01,511 [INFO]   AMAT: inserted 1 bars
2026-01-08 04:05:01,511 [INFO] Fetching hourly data for AMD: 2026-01-07 to 2026-01-08
2026-01-08 04:05:01,557 [INFO]   AMD: 1 hourly bars (latest only)
2026-01-08 04:05:01,586 [INFO]   AMD: inserted 1 bars
2026-01-08 04:05:01,586 [INFO] Fetching hourly data for AMZN: 2026-01-07 to 2026-01-08
2026-01-08 04:05:01,637 [INFO]   AMZN: 1 hourly bars (latest only)
2026-01-08 04:05:01,668 [INFO]   AMZN: inserted 1 bars
2026-01-08 04:05:01,668 [INFO] Fetching hourly data for APP: 2026-01-07 to 2026-01-08
2026-01-08 04:05:01,725 [INFO]   APP: 1 hourly bars (latest only)
2026-01-08 04:05:01,754 [INFO]   APP: inserted 1 bars
2026-01-08 04:05:01,754 [INFO] Fetching hourly data for AVGO: 2026-01-07 to 2026-01-08
2026-01-08 04:05:01,800 [INFO]   AVGO: 1 hourly bars (latest only)
2026-01-08 04:05:01,834 [INFO]   AVGO: inserted 1 bars
2026-01-08 04:05:01,834 [INFO] Fetching hourly data for AXP: 2026-01-07 to 2026-01-08
2026-01-08 04:05:01,877 [INFO]   AXP: 1 hourly bars (latest only)
2026-01-08 04:05:01,897 [INFO]   AXP: inserted 1 bars
2026-01-08 04:05:01,897 [INFO] Fetching hourly data for BAC: 2026-01-07 to 2026-01-08
2026-01-08 04:05:01,938 [INFO]   BAC: 1 hourly bars (latest only)
2026-01-08 04:05:01,956 [INFO]   BAC: inserted 1 bars
2026-01-08 04:05:01,957 [INFO] Fetching hourly data for BRK.B: 2026-01-07 to 2026-01-08
2026-01-08 04:05:02,338 [ERROR] $BRK.B: possibly delisted; no timezone found
2026-01-08 04:05:02,339 [INFO]   BRK.B: 0 hourly bars (latest only)
2026-01-08 04:05:02,339 [INFO]   BRK.B: inserted 0 bars
2026-01-08 04:05:02,339 [INFO] Fetching hourly data for C: 2026-01-07 to 2026-01-08
2026-01-08 04:05:02,389 [INFO]   C: 1 hourly bars (latest only)
2026-01-08 04:05:02,428 [INFO]   C: inserted 1 bars
2026-01-08 04:05:02,428 [INFO] Fetching hourly data for CAT: 2026-01-07 to 2026-01-08
2026-01-08 04:05:02,470 [INFO]   CAT: 1 hourly bars (latest only)
2026-01-08 04:05:02,491 [INFO]   CAT: inserted 1 bars
2026-01-08 04:05:02,491 [INFO] Fetching hourly data for COST: 2026-01-07 to 2026-01-08
2026-01-08 04:05:02,533 [INFO]   COST: 1 hourly bars (latest only)
2026-01-08 04:05:02,559 [INFO]   COST: inserted 1 bars
2026-01-08 04:05:02,559 [INFO] Fetching hourly data for CRM: 2026-01-07 to 2026-01-08
2026-01-08 04:05:02,596 [INFO]   CRM: 1 hourly bars (latest only)
2026-01-08 04:05:02,620 [INFO]   CRM: inserted 1 bars
2026-01-08 04:05:02,620 [INFO] Fetching hourly data for CSCO: 2026-01-07 to 2026-01-08
2026-01-08 04:05:02,663 [INFO]   CSCO: 1 hourly bars (latest only)
2026-01-08 04:05:02,682 [INFO]   CSCO: inserted 1 bars
2026-01-08 04:05:02,682 [INFO] Fetching hourly data for CVX: 2026-01-07 to 2026-01-08
2026-01-08 04:05:02,721 [INFO]   CVX: 1 hourly bars (latest only)
2026-01-08 04:05:02,747 [INFO]   CVX: inserted 1 bars
2026-01-08 04:05:02,747 [INFO] Fetching hourly data for GE: 2026-01-07 to 2026-01-08
2026-01-08 04:05:02,808 [INFO]   GE: 1 hourly bars (latest only)
2026-01-08 04:05:02,832 [INFO]   GE: inserted 1 bars
2026-01-08 04:05:02,832 [INFO] Fetching hourly data for GOOG: 2026-01-07 to 2026-01-08
2026-01-08 04:05:02,877 [INFO]   GOOG: 1 hourly bars (latest only)
2026-01-08 04:05:02,906 [INFO]   GOOG: inserted 1 bars
2026-01-08 04:05:02,906 [INFO] Fetching hourly data for GOOGL: 2026-01-07 to 2026-01-08
2026-01-08 04:05:02,956 [INFO]   GOOGL: 1 hourly bars (latest only)
2026-01-08 04:05:02,990 [INFO]   GOOGL: inserted 1 bars
2026-01-08 04:05:02,990 [INFO] Fetching hourly data for GS: 2026-01-07 to 2026-01-08
2026-01-08 04:05:03,041 [INFO]   GS: 1 hourly bars (latest only)
2026-01-08 04:05:03,066 [INFO]   GS: inserted 1 bars
2026-01-08 04:05:03,066 [INFO] Fetching hourly data for HD: 2026-01-07 to 2026-01-08
2026-01-08 04:05:03,111 [INFO]   HD: 1 hourly bars (latest only)
2026-01-08 04:05:03,135 [INFO]   HD: inserted 1 bars
2026-01-08 04:05:03,135 [INFO] Fetching hourly data for IBM: 2026-01-07 to 2026-01-08
2026-01-08 04:05:03,177 [INFO]   IBM: 1 hourly bars (latest only)
2026-01-08 04:05:03,203 [INFO]   IBM: inserted 1 bars
2026-01-08 04:05:03,203 [INFO] Fetching hourly data for JNJ: 2026-01-07 to 2026-01-08
2026-01-08 04:05:03,242 [INFO]   JNJ: 1 hourly bars (latest only)
2026-01-08 04:05:03,271 [INFO]   JNJ: inserted 1 bars
2026-01-08 04:05:03,271 [INFO] Fetching hourly data for JPM: 2026-01-07 to 2026-01-08
2026-01-08 04:05:03,321 [INFO]   JPM: 1 hourly bars (latest only)
2026-01-08 04:05:03,346 [INFO]   JPM: inserted 1 bars
2026-01-08 04:05:03,346 [INFO] Fetching hourly data for KO: 2026-01-07 to 2026-01-08
2026-01-08 04:05:03,398 [INFO]   KO: 1 hourly bars (latest only)
2026-01-08 04:05:03,425 [INFO]   KO: inserted 1 bars
2026-01-08 04:05:03,425 [INFO] Fetching hourly data for LLY: 2026-01-07 to 2026-01-08
2026-01-08 04:05:03,469 [INFO]   LLY: 1 hourly bars (latest only)
2026-01-08 04:05:03,499 [INFO]   LLY: inserted 1 bars
2026-01-08 04:05:03,499 [INFO] Fetching hourly data for LRCX: 2026-01-07 to 2026-01-08
2026-01-08 04:05:03,544 [INFO]   LRCX: 1 hourly bars (latest only)
2026-01-08 04:05:03,566 [INFO]   LRCX: inserted 1 bars
2026-01-08 04:05:03,566 [INFO] Fetching hourly data for MA: 2026-01-07 to 2026-01-08
2026-01-08 04:05:03,614 [INFO]   MA: 1 hourly bars (latest only)
2026-01-08 04:05:03,639 [INFO]   MA: inserted 1 bars
2026-01-08 04:05:03,639 [INFO] Fetching hourly data for MCD: 2026-01-07 to 2026-01-08
2026-01-08 04:05:03,683 [INFO]   MCD: 1 hourly bars (latest only)
2026-01-08 04:05:03,723 [INFO]   MCD: inserted 1 bars
2026-01-08 04:05:03,723 [INFO] Fetching hourly data for META: 2026-01-07 to 2026-01-08
2026-01-08 04:05:03,768 [INFO]   META: 1 hourly bars (latest only)
2026-01-08 04:05:03,789 [INFO]   META: inserted 1 bars
2026-01-08 04:05:03,789 [INFO] Fetching hourly data for MRK: 2026-01-07 to 2026-01-08
2026-01-08 04:05:03,830 [INFO]   MRK: 1 hourly bars (latest only)
2026-01-08 04:05:03,856 [INFO]   MRK: inserted 1 bars
2026-01-08 04:05:03,856 [INFO] Fetching hourly data for MS: 2026-01-07 to 2026-01-08
2026-01-08 04:05:03,896 [INFO]   MS: 1 hourly bars (latest only)
2026-01-08 04:05:03,926 [INFO]   MS: inserted 1 bars
2026-01-08 04:05:03,926 [INFO] Fetching hourly data for MSFT: 2026-01-07 to 2026-01-08
2026-01-08 04:05:03,967 [INFO]   MSFT: 1 hourly bars (latest only)
2026-01-08 04:05:03,998 [INFO]   MSFT: inserted 1 bars
2026-01-08 04:05:03,998 [INFO] Fetching hourly data for MU: 2026-01-07 to 2026-01-08
2026-01-08 04:05:04,033 [INFO]   MU: 1 hourly bars (latest only)
2026-01-08 04:05:04,054 [INFO]   MU: inserted 1 bars
2026-01-08 04:05:04,054 [INFO] Fetching hourly data for NFLX: 2026-01-07 to 2026-01-08
2026-01-08 04:05:04,093 [INFO]   NFLX: 1 hourly bars (latest only)
2026-01-08 04:05:04,109 [INFO]   NFLX: inserted 1 bars
2026-01-08 04:05:04,109 [INFO] Fetching hourly data for NVDA: 2026-01-07 to 2026-01-08
2026-01-08 04:05:04,146 [INFO]   NVDA: 1 hourly bars (latest only)
2026-01-08 04:05:04,174 [INFO]   NVDA: inserted 1 bars
2026-01-08 04:05:04,174 [INFO] Fetching hourly data for ORCL: 2026-01-07 to 2026-01-08
2026-01-08 04:05:04,212 [INFO]   ORCL: 1 hourly bars (latest only)
2026-01-08 04:05:04,231 [INFO]   ORCL: inserted 1 bars
2026-01-08 04:05:04,231 [INFO] Fetching hourly data for PG: 2026-01-07 to 2026-01-08
2026-01-08 04:05:04,273 [INFO]   PG: 1 hourly bars (latest only)
2026-01-08 04:05:04,302 [INFO]   PG: inserted 1 bars
2026-01-08 04:05:04,302 [INFO] Fetching hourly data for PLTR: 2026-01-07 to 2026-01-08
2026-01-08 04:05:04,343 [INFO]   PLTR: 1 hourly bars (latest only)
2026-01-08 04:05:04,373 [INFO]   PLTR: inserted 1 bars
2026-01-08 04:05:04,373 [INFO] Fetching hourly data for PM: 2026-01-07 to 2026-01-08
2026-01-08 04:05:04,413 [INFO]   PM: 1 hourly bars (latest only)
2026-01-08 04:05:04,432 [INFO]   PM: inserted 1 bars
2026-01-08 04:05:04,432 [INFO] Fetching hourly data for RTX: 2026-01-07 to 2026-01-08
2026-01-08 04:05:04,471 [INFO]   RTX: 1 hourly bars (latest only)
2026-01-08 04:05:04,491 [INFO]   RTX: inserted 1 bars
2026-01-08 04:05:04,491 [INFO] Fetching hourly data for TMO: 2026-01-07 to 2026-01-08
2026-01-08 04:05:04,533 [INFO]   TMO: 1 hourly bars (latest only)
2026-01-08 04:05:04,556 [INFO]   TMO: inserted 1 bars
2026-01-08 04:05:04,556 [INFO] Fetching hourly data for TMUS: 2026-01-07 to 2026-01-08
2026-01-08 04:05:04,596 [INFO]   TMUS: 1 hourly bars (latest only)
2026-01-08 04:05:04,619 [INFO]   TMUS: inserted 1 bars
2026-01-08 04:05:04,619 [INFO] Fetching hourly data for TSLA: 2026-01-07 to 2026-01-08
2026-01-08 04:05:04,665 [INFO]   TSLA: 1 hourly bars (latest only)
2026-01-08 04:05:04,698 [INFO]   TSLA: inserted 1 bars
2026-01-08 04:05:04,698 [INFO] Fetching hourly data for UNH: 2026-01-07 to 2026-01-08
2026-01-08 04:05:04,740 [INFO]   UNH: 1 hourly bars (latest only)
2026-01-08 04:05:04,782 [INFO]   UNH: inserted 1 bars
2026-01-08 04:05:04,782 [INFO] Fetching hourly data for V: 2026-01-07 to 2026-01-08
2026-01-08 04:05:04,829 [INFO]   V: 1 hourly bars (latest only)
2026-01-08 04:05:04,860 [INFO]   V: inserted 1 bars
2026-01-08 04:05:04,861 [INFO] Fetching hourly data for WFC: 2026-01-07 to 2026-01-08
2026-01-08 04:05:04,897 [INFO]   WFC: 1 hourly bars (latest only)
2026-01-08 04:05:04,929 [INFO]   WFC: inserted 1 bars
2026-01-08 04:05:04,929 [INFO] Fetching hourly data for WMT: 2026-01-07 to 2026-01-08
2026-01-08 04:05:04,982 [INFO]   WMT: 1 hourly bars (latest only)
2026-01-08 04:05:05,009 [INFO]   WMT: inserted 1 bars
2026-01-08 04:05:05,009 [INFO] Fetching hourly data for XOM: 2026-01-07 to 2026-01-08
2026-01-08 04:05:05,058 [INFO]   XOM: 1 hourly bars (latest only)
2026-01-08 04:05:05,090 [INFO]   XOM: inserted 1 bars
2026-01-08 04:05:05,090 [INFO] Total: 49 hourly bars collected
2026-01-08 04:05:05,116 [INFO] ✅ Collected 49 hourly bars
2026-01-08 04:05:05 [INFO] scheduler: ✅ data_collection.pipelines.hourly_bars_auto completed in 5.2s
2026-01-08 04:05:05 [INFO] apscheduler.executors.default: Job "run_pipeline (trigger: cron[day_of_week='mon-fri', hour='10-16', minute='5'], next run at: 2026-01-07 16:05:00 EST)" executed successfully
2026-01-08 04:15:00 [INFO] apscheduler.executors.default: Running job "run_pipeline (trigger: cron[hour='6-20', minute='*/15'], next run at: 2026-01-07 15:30:00 EST)" (scheduled at 2026-01-07 15:15:00-05:00)
2026-01-08 04:15:00 [INFO] scheduler: Starting pipeline: data_collection.pipelines.sec_rss
2026-01-08 04:15:00,692 INFO sec_rss form=8-K entries=40 processed=0 inserted=0 updated=0 skipped_no_accession=0 skipped_no_cik=0 skipped_filtered=40
2026-01-08 04:15:01,612 INFO sec_rss form=SC 13D entries=0 processed=0 inserted=0 updated=0 skipped_no_accession=0 skipped_no_cik=0 skipped_filtered=0
2026-01-08 04:15:02,664 INFO sec_rss form=SC 13D/A entries=0 processed=0 inserted=0 updated=0 skipped_no_accession=0 skipped_no_cik=0 skipped_filtered=0
2026-01-08 04:15:02,672 INFO sec_rss done processed=0 inserted=0 updated=0
2026-01-08 04:15:02 [INFO] scheduler: ✅ data_collection.pipelines.sec_rss completed in 2.7s
2026-01-08 04:15:02 [INFO] apscheduler.executors.default: Job "run_pipeline (trigger: cron[hour='6-20', minute='*/15'], next run at: 2026-01-07 15:30:00 EST)" executed successfully
2026-01-08 04:30:00 [INFO] apscheduler.executors.default: Running job "run_pipeline (trigger: cron[hour='6-20', minute='*/15'], next run at: 2026-01-07 15:45:00 EST)" (scheduled at 2026-01-07 15:30:00-05:00)
2026-01-08 04:30:00 [INFO] scheduler: Starting pipeline: data_collection.pipelines.sec_rss
2026-01-08 04:30:00,799 INFO sec_rss form=8-K entries=40 processed=0 inserted=0 updated=0 skipped_no_accession=0 skipped_no_cik=0 skipped_filtered=40
2026-01-08 04:30:01,742 INFO sec_rss form=SC 13D entries=0 processed=0 inserted=0 updated=0 skipped_no_accession=0 skipped_no_cik=0 skipped_filtered=0
2026-01-08 04:30:02,828 INFO sec_rss form=SC 13D/A entries=0 processed=0 inserted=0 updated=0 skipped_no_accession=0 skipped_no_cik=0 skipped_filtered=0
2026-01-08 04:30:02,829 INFO sec_rss done processed=0 inserted=0 updated=0
2026-01-08 04:30:02 [INFO] scheduler: ✅ data_collection.pipelines.sec_rss completed in 2.9s
2026-01-08 04:30:02 [INFO] apscheduler.executors.default: Job "run_pipeline (trigger: cron[hour='6-20', minute='*/15'], next run at: 2026-01-07 15:45:00 EST)" executed successfully
2026-01-08 04:45:00 [INFO] apscheduler.executors.default: Running job "run_pipeline (trigger: cron[hour='6-20', minute='*/15'], next run at: 2026-01-07 16:00:00 EST)" (scheduled at 2026-01-07 15:45:00-05:00)
2026-01-08 04:45:00 [INFO] scheduler: Starting pipeline: data_collection.pipelines.sec_rss
2026-01-08 04:45:00,894 INFO sec_rss form=8-K entries=40 processed=0 inserted=0 updated=0 skipped_no_accession=0 skipped_no_cik=0 skipped_filtered=40
2026-01-08 04:45:01,821 INFO sec_rss form=SC 13D entries=0 processed=0 inserted=0 updated=0 skipped_no_accession=0 skipped_no_cik=0 skipped_filtered=0
2026-01-08 04:45:03,244 INFO sec_rss form=SC 13D/A entries=0 processed=0 inserted=0 updated=0 skipped_no_accession=0 skipped_no_cik=0 skipped_filtered=0
2026-01-08 04:45:03,246 INFO sec_rss done processed=0 inserted=0 updated=0
2026-01-08 04:45:03 [INFO] scheduler: ✅ data_collection.pipelines.sec_rss completed in 3.3s
2026-01-08 04:45:03 [INFO] apscheduler.executors.default: Job "run_pipeline (trigger: cron[hour='6-20', minute='*/15'], next run at: 2026-01-07 16:00:00 EST)" executed successfully
2026-01-08 06:20:36 [WARNING] apscheduler.executors.default: Run time of job "run_pipeline (trigger: cron[hour='6-20', minute='*/15'], next run at: 2026-01-07 17:30:00 EST)" was missed by 0:05:36.543362
2026-01-08 06:20:36 [WARNING] apscheduler.executors.default: Run time of job "run_pipeline (trigger: cron[day_of_week='mon-fri', hour='10-16', minute='5'], next run at: 2026-01-08 10:05:00 EST)" was missed by 1:15:36.543679
2026-01-08 06:20:36 [WARNING] apscheduler.executors.default: Run time of job "run_pipeline (trigger: cron[hour='*/4', minute='15'], next run at: 2026-01-07 20:15:00 EST)" was missed by 1:05:36.543922
2026-01-08 08:40:41 [WARNING] apscheduler.executors.default: Run time of job "run_pipeline (trigger: cron[hour='6-20', minute='*/15'], next run at: 2026-01-07 19:45:00 EST)" was missed by 0:10:41.769137
2026-01-08 08:40:41 [WARNING] apscheduler.executors.default: Run time of job "run_pipeline (trigger: cron[hour='18', minute='15'], next run at: 2026-01-08 18:15:00 EST)" was missed by 1:25:41.770128
2026-01-08 08:40:41 [WARNING] apscheduler.executors.default: Run time of job "run_pipeline (trigger: cron[hour='18', minute='30'], next run at: 2026-01-08 18:30:00 EST)" was missed by 1:10:41.770269
2026-01-08 08:53:53 [WARNING] apscheduler.executors.default: Run time of job "run_pipeline (trigger: cron[hour='6-20', minute='*/15'], next run at: 2026-01-07 20:00:00 EST)" was missed by 0:08:53.681216
2026-01-08 09:38:10 [WARNING] apscheduler.executors.default: Run time of job "run_pipeline (trigger: cron[hour='6-20', minute='*/15'], next run at: 2026-01-07 20:45:00 EST)" was missed by 0:08:10.954002
2026-01-08 09:38:10 [WARNING] apscheduler.executors.default: Run time of job "run_pipeline (trigger: cron[hour='*/4', minute='15'], next run at: 2026-01-08 00:15:00 EST)" was missed by 0:23:10.954367
2026-01-08 09:45:00 [INFO] apscheduler.executors.default: Running job "run_pipeline (trigger: cron[hour='6-20', minute='*/15'], next run at: 2026-01-08 06:00:00 EST)" (scheduled at 2026-01-07 20:45:00-05:00)
2026-01-08 09:45:00 [INFO] scheduler: Starting pipeline: data_collection.pipelines.sec_rss
2026-01-08 09:45:00,833 INFO sec_rss form=8-K entries=40 processed=0 inserted=0 updated=0 skipped_no_accession=0 skipped_no_cik=0 skipped_filtered=40
2026-01-08 09:45:01,323 INFO sec_rss form=SC 13D entries=0 processed=0 inserted=0 updated=0 skipped_no_accession=0 skipped_no_cik=0 skipped_filtered=0
2026-01-08 09:45:01,899 INFO sec_rss form=SC 13D/A entries=0 processed=0 inserted=0 updated=0 skipped_no_accession=0 skipped_no_cik=0 skipped_filtered=0
2026-01-08 09:45:01,903 INFO sec_rss done processed=0 inserted=0 updated=0
2026-01-08 09:45:01 [INFO] scheduler: ✅ data_collection.pipelines.sec_rss completed in 2.0s
2026-01-08 09:45:01 [INFO] apscheduler.executors.default: Job "run_pipeline (trigger: cron[hour='6-20', minute='*/15'], next run at: 2026-01-08 06:00:00 EST)" executed successfully
2026-01-08 15:08:41 [WARNING] apscheduler.executors.default: Run time of job "run_pipeline (trigger: cron[hour='*/4', minute='15'], next run at: 2026-01-08 04:15:00 EST)" was missed by 1:53:41.223486
2026-01-08 17:20:30 [WARNING] apscheduler.executors.default: Run time of job "run_pipeline (trigger: cron[hour='*/4', minute='15'], next run at: 2026-01-08 08:15:00 EST)" was missed by 0:05:30.542902
2026-01-09 00:47:38 [WARNING] apscheduler.executors.default: Run time of job "run_pipeline (trigger: cron[hour='6', minute='0'], next run at: 2026-01-09 06:00:00 EST)" was missed by 5:47:38.416757
2026-01-09 00:47:38 [WARNING] apscheduler.executors.default: Run time of job "run_pipeline (trigger: cron[hour='6-20', minute='*/15'], next run at: 2026-01-08 12:00:00 EST)" was missed by 0:02:38.417984
2026-01-09 00:47:38 [WARNING] apscheduler.executors.default: Run time of job "run_pipeline (trigger: cron[hour='7', minute='0'], next run at: 2026-01-09 07:00:00 EST)" was missed by 4:47:38.418071
2026-01-09 00:47:38 [WARNING] apscheduler.executors.default: Run time of job "run_pipeline (trigger: cron[hour='8', minute='0'], next run at: 2026-01-09 08:00:00 EST)" was missed by 3:47:38.418423
2026-01-09 00:47:38 [WARNING] apscheduler.executors.default: Run time of job "run_pipeline (trigger: cron[hour='*/4', minute='15'], next run at: 2026-01-08 12:15:00 EST)" was missed by 3:32:38.418469
2026-01-09 00:47:38 [WARNING] apscheduler.executors.default: Run time of job "run_pipeline (trigger: cron[day_of_week='mon-fri', hour='10-16', minute='5'], next run at: 2026-01-08 12:05:00 EST)" was missed by 0:42:38.418705
2026-01-09 01:00:00 [INFO] apscheduler.executors.default: Running job "run_pipeline (trigger: cron[hour='6-20', minute='*/15'], next run at: 2026-01-08 12:15:00 EST)" (scheduled at 2026-01-08 12:00:00-05:00)
2026-01-09 01:00:00 [INFO] scheduler: Starting pipeline: data_collection.pipelines.sec_rss
2026-01-09 01:00:00,719 INFO sec_rss form=8-K entries=40 processed=0 inserted=0 updated=0 skipped_no_accession=0 skipped_no_cik=0 skipped_filtered=40
2026-01-09 01:00:01,446 INFO sec_rss form=SC 13D entries=0 processed=0 inserted=0 updated=0 skipped_no_accession=0 skipped_no_cik=0 skipped_filtered=0
2026-01-09 01:00:02,066 INFO sec_rss form=SC 13D/A entries=0 processed=0 inserted=0 updated=0 skipped_no_accession=0 skipped_no_cik=0 skipped_filtered=0
2026-01-09 01:00:02,069 INFO sec_rss done processed=0 inserted=0 updated=0
2026-01-09 01:00:02 [INFO] scheduler: ✅ data_collection.pipelines.sec_rss completed in 2.1s
2026-01-09 01:00:02 [INFO] apscheduler.executors.default: Job "run_pipeline (trigger: cron[hour='6-20', minute='*/15'], next run at: 2026-01-08 12:15:00 EST)" executed successfully
2026-01-09 01:05:00 [INFO] apscheduler.executors.default: Running job "run_pipeline (trigger: cron[day_of_week='mon-fri', hour='10-16', minute='5'], next run at: 2026-01-08 13:05:00 EST)" (scheduled at 2026-01-08 12:05:00-05:00)
2026-01-09 01:05:00 [INFO] scheduler: Starting pipeline: data_collection.pipelines.hourly_bars_auto
2026-01-09 01:05:00,719 [INFO] Got 50 symbols from universe
2026-01-09 01:05:00,719 [INFO] Collecting hourly bars: 2026-01-08 to 2026-01-09
2026-01-09 01:05:00,719 [INFO] Collecting hourly bars for 50 tickers
2026-01-09 01:05:00,719 [INFO] Period: 2026-01-08 to 2026-01-09
2026-01-09 01:05:00,719 [INFO] Mode: latest-only
2026-01-09 01:05:00,724 [INFO] Fetching hourly data for AAPL: 2026-01-08 to 2026-01-09
2026-01-09 01:05:01,180 [INFO]   AAPL: 1 hourly bars (latest only)
2026-01-09 01:05:01,201 [INFO]   AAPL: inserted 1 bars
2026-01-09 01:05:01,202 [INFO] Fetching hourly data for ABBV: 2026-01-08 to 2026-01-09
2026-01-09 01:05:01,240 [INFO]   ABBV: 1 hourly bars (latest only)
2026-01-09 01:05:01,260 [INFO]   ABBV: inserted 1 bars
2026-01-09 01:05:01,260 [INFO] Fetching hourly data for ABT: 2026-01-08 to 2026-01-09
2026-01-09 01:05:01,311 [INFO]   ABT: 1 hourly bars (latest only)
2026-01-09 01:05:01,327 [INFO]   ABT: inserted 1 bars
2026-01-09 01:05:01,327 [INFO] Fetching hourly data for AMAT: 2026-01-08 to 2026-01-09
2026-01-09 01:05:01,367 [INFO]   AMAT: 1 hourly bars (latest only)
2026-01-09 01:05:01,377 [INFO]   AMAT: inserted 1 bars
2026-01-09 01:05:01,377 [INFO] Fetching hourly data for AMD: 2026-01-08 to 2026-01-09
2026-01-09 01:05:01,429 [INFO]   AMD: 1 hourly bars (latest only)
2026-01-09 01:05:01,443 [INFO]   AMD: inserted 1 bars
2026-01-09 01:05:01,443 [INFO] Fetching hourly data for AMZN: 2026-01-08 to 2026-01-09
2026-01-09 01:05:01,497 [INFO]   AMZN: 1 hourly bars (latest only)
2026-01-09 01:05:01,514 [INFO]   AMZN: inserted 1 bars
2026-01-09 01:05:01,515 [INFO] Fetching hourly data for APP: 2026-01-08 to 2026-01-09
2026-01-09 01:05:01,565 [INFO]   APP: 1 hourly bars (latest only)
2026-01-09 01:05:01,579 [INFO]   APP: inserted 1 bars
2026-01-09 01:05:01,579 [INFO] Fetching hourly data for AVGO: 2026-01-08 to 2026-01-09
2026-01-09 01:05:01,624 [INFO]   AVGO: 1 hourly bars (latest only)
2026-01-09 01:05:01,638 [INFO]   AVGO: inserted 1 bars
2026-01-09 01:05:01,638 [INFO] Fetching hourly data for AXP: 2026-01-08 to 2026-01-09
2026-01-09 01:05:01,679 [INFO]   AXP: 1 hourly bars (latest only)
2026-01-09 01:05:01,697 [INFO]   AXP: inserted 1 bars
2026-01-09 01:05:01,697 [INFO] Fetching hourly data for BAC: 2026-01-08 to 2026-01-09
2026-01-09 01:05:01,754 [INFO]   BAC: 1 hourly bars (latest only)
2026-01-09 01:05:01,772 [INFO]   BAC: inserted 1 bars
2026-01-09 01:05:01,772 [INFO] Fetching hourly data for BRK.B (as BRK-B): 2026-01-08 to 2026-01-09
2026-01-09 01:05:01,813 [INFO]   BRK.B: 1 hourly bars (latest only)
2026-01-09 01:05:01,836 [INFO]   BRK.B: inserted 1 bars
2026-01-09 01:05:01,836 [INFO] Fetching hourly data for C: 2026-01-08 to 2026-01-09
2026-01-09 01:05:01,878 [INFO]   C: 1 hourly bars (latest only)
2026-01-09 01:05:01,895 [INFO]   C: inserted 1 bars
2026-01-09 01:05:01,895 [INFO] Fetching hourly data for CAT: 2026-01-08 to 2026-01-09
2026-01-09 01:05:01,934 [INFO]   CAT: 1 hourly bars (latest only)
2026-01-09 01:05:01,950 [INFO]   CAT: inserted 1 bars
2026-01-09 01:05:01,950 [INFO] Fetching hourly data for COST: 2026-01-08 to 2026-01-09
2026-01-09 01:05:01,991 [INFO]   COST: 1 hourly bars (latest only)
2026-01-09 01:05:02,007 [INFO]   COST: inserted 1 bars
2026-01-09 01:05:02,007 [INFO] Fetching hourly data for CRM: 2026-01-08 to 2026-01-09
2026-01-09 01:05:02,051 [INFO]   CRM: 1 hourly bars (latest only)
2026-01-09 01:05:02,073 [INFO]   CRM: inserted 1 bars
2026-01-09 01:05:02,073 [INFO] Fetching hourly data for CSCO: 2026-01-08 to 2026-01-09
2026-01-09 01:05:02,120 [INFO]   CSCO: 1 hourly bars (latest only)
2026-01-09 01:05:02,144 [INFO]   CSCO: inserted 1 bars
2026-01-09 01:05:02,144 [INFO] Fetching hourly data for CVX: 2026-01-08 to 2026-01-09
2026-01-09 01:05:02,191 [INFO]   CVX: 1 hourly bars (latest only)
2026-01-09 01:05:02,206 [INFO]   CVX: inserted 1 bars
2026-01-09 01:05:02,206 [INFO] Fetching hourly data for GE: 2026-01-08 to 2026-01-09
2026-01-09 01:05:02,277 [INFO]   GE: 1 hourly bars (latest only)
2026-01-09 01:05:02,294 [INFO]   GE: inserted 1 bars
2026-01-09 01:05:02,295 [INFO] Fetching hourly data for GOOG: 2026-01-08 to 2026-01-09
2026-01-09 01:05:02,331 [INFO]   GOOG: 1 hourly bars (latest only)
2026-01-09 01:05:02,348 [INFO]   GOOG: inserted 1 bars
2026-01-09 01:05:02,349 [INFO] Fetching hourly data for GOOGL: 2026-01-08 to 2026-01-09
2026-01-09 01:05:02,405 [INFO]   GOOGL: 1 hourly bars (latest only)
2026-01-09 01:05:02,415 [INFO]   GOOGL: inserted 1 bars
2026-01-09 01:05:02,415 [INFO] Fetching hourly data for GS: 2026-01-08 to 2026-01-09
2026-01-09 01:05:02,467 [INFO]   GS: 1 hourly bars (latest only)
2026-01-09 01:05:02,481 [INFO]   GS: inserted 1 bars
2026-01-09 01:05:02,482 [INFO] Fetching hourly data for HD: 2026-01-08 to 2026-01-09
2026-01-09 01:05:02,552 [INFO]   HD: 1 hourly bars (latest only)
2026-01-09 01:05:02,566 [INFO]   HD: inserted 1 bars
2026-01-09 01:05:02,566 [INFO] Fetching hourly data for IBM: 2026-01-08 to 2026-01-09
2026-01-09 01:05:02,612 [INFO]   IBM: 1 hourly bars (latest only)
2026-01-09 01:05:02,625 [INFO]   IBM: inserted 1 bars
2026-01-09 01:05:02,625 [INFO] Fetching hourly data for JNJ: 2026-01-08 to 2026-01-09
2026-01-09 01:05:02,677 [INFO]   JNJ: 1 hourly bars (latest only)
2026-01-09 01:05:02,700 [INFO]   JNJ: inserted 1 bars
2026-01-09 01:05:02,700 [INFO] Fetching hourly data for JPM: 2026-01-08 to 2026-01-09
2026-01-09 01:05:02,745 [INFO]   JPM: 1 hourly bars (latest only)
2026-01-09 01:05:02,770 [INFO]   JPM: inserted 1 bars
2026-01-09 01:05:02,770 [INFO] Fetching hourly data for KO: 2026-01-08 to 2026-01-09
2026-01-09 01:05:02,819 [INFO]   KO: 1 hourly bars (latest only)
2026-01-09 01:05:02,842 [INFO]   KO: inserted 1 bars
2026-01-09 01:05:02,842 [INFO] Fetching hourly data for LLY: 2026-01-08 to 2026-01-09
2026-01-09 01:05:02,884 [INFO]   LLY: 1 hourly bars (latest only)
2026-01-09 01:05:02,905 [INFO]   LLY: inserted 1 bars
2026-01-09 01:05:02,906 [INFO] Fetching hourly data for LRCX: 2026-01-08 to 2026-01-09
2026-01-09 01:05:02,945 [INFO]   LRCX: 1 hourly bars (latest only)
2026-01-09 01:05:02,967 [INFO]   LRCX: inserted 1 bars
2026-01-09 01:05:02,967 [INFO] Fetching hourly data for MA: 2026-01-08 to 2026-01-09
2026-01-09 01:05:03,008 [INFO]   MA: 1 hourly bars (latest only)
2026-01-09 01:05:03,033 [INFO]   MA: inserted 1 bars
2026-01-09 01:05:03,033 [INFO] Fetching hourly data for MCD: 2026-01-08 to 2026-01-09
2026-01-09 01:05:03,084 [INFO]   MCD: 1 hourly bars (latest only)
2026-01-09 01:05:03,103 [INFO]   MCD: inserted 1 bars
2026-01-09 01:05:03,103 [INFO] Fetching hourly data for META: 2026-01-08 to 2026-01-09
2026-01-09 01:05:03,154 [INFO]   META: 1 hourly bars (latest only)
2026-01-09 01:05:03,177 [INFO]   META: inserted 1 bars
2026-01-09 01:05:03,177 [INFO] Fetching hourly data for MRK: 2026-01-08 to 2026-01-09
2026-01-09 01:05:03,214 [INFO]   MRK: 1 hourly bars (latest only)
2026-01-09 01:05:03,240 [INFO]   MRK: inserted 1 bars
2026-01-09 01:05:03,240 [INFO] Fetching hourly data for MS: 2026-01-08 to 2026-01-09
2026-01-09 01:05:03,289 [INFO]   MS: 1 hourly bars (latest only)
2026-01-09 01:05:03,312 [INFO]   MS: inserted 1 bars
2026-01-09 01:05:03,312 [INFO] Fetching hourly data for MSFT: 2026-01-08 to 2026-01-09
2026-01-09 01:05:03,356 [INFO]   MSFT: 1 hourly bars (latest only)
2026-01-09 01:05:03,370 [INFO]   MSFT: inserted 1 bars
2026-01-09 01:05:03,370 [INFO] Fetching hourly data for MU: 2026-01-08 to 2026-01-09
2026-01-09 01:05:03,416 [INFO]   MU: 1 hourly bars (latest only)
2026-01-09 01:05:03,429 [INFO]   MU: inserted 1 bars
2026-01-09 01:05:03,429 [INFO] Fetching hourly data for NFLX: 2026-01-08 to 2026-01-09
2026-01-09 01:05:03,477 [INFO]   NFLX: 1 hourly bars (latest only)
2026-01-09 01:05:03,491 [INFO]   NFLX: inserted 1 bars
2026-01-09 01:05:03,491 [INFO] Fetching hourly data for NVDA: 2026-01-08 to 2026-01-09
2026-01-09 01:05:03,534 [INFO]   NVDA: 1 hourly bars (latest only)
2026-01-09 01:05:03,547 [INFO]   NVDA: inserted 1 bars
2026-01-09 01:05:03,547 [INFO] Fetching hourly data for ORCL: 2026-01-08 to 2026-01-09
2026-01-09 01:05:03,598 [INFO]   ORCL: 1 hourly bars (latest only)
2026-01-09 01:05:03,612 [INFO]   ORCL: inserted 1 bars
2026-01-09 01:05:03,613 [INFO] Fetching hourly data for PG: 2026-01-08 to 2026-01-09
2026-01-09 01:05:03,652 [INFO]   PG: 1 hourly bars (latest only)
2026-01-09 01:05:03,666 [INFO]   PG: inserted 1 bars
2026-01-09 01:05:03,666 [INFO] Fetching hourly data for PLTR: 2026-01-08 to 2026-01-09
2026-01-09 01:05:03,719 [INFO]   PLTR: 1 hourly bars (latest only)
2026-01-09 01:05:03,739 [INFO]   PLTR: inserted 1 bars
2026-01-09 01:05:03,740 [INFO] Fetching hourly data for PM: 2026-01-08 to 2026-01-09
2026-01-09 01:05:03,780 [INFO]   PM: 1 hourly bars (latest only)
2026-01-09 01:05:03,800 [INFO]   PM: inserted 1 bars
2026-01-09 01:05:03,800 [INFO] Fetching hourly data for RTX: 2026-01-08 to 2026-01-09
2026-01-09 01:05:03,843 [INFO]   RTX: 1 hourly bars (latest only)
2026-01-09 01:05:03,861 [INFO]   RTX: inserted 1 bars
2026-01-09 01:05:03,861 [INFO] Fetching hourly data for TMO: 2026-01-08 to 2026-01-09
2026-01-09 01:05:03,902 [INFO]   TMO: 1 hourly bars (latest only)
2026-01-09 01:05:03,922 [INFO]   TMO: inserted 1 bars
2026-01-09 01:05:03,923 [INFO] Fetching hourly data for TMUS: 2026-01-08 to 2026-01-09
2026-01-09 01:05:03,975 [INFO]   TMUS: 1 hourly bars (latest only)
2026-01-09 01:05:03,996 [INFO]   TMUS: inserted 1 bars
2026-01-09 01:05:03,996 [INFO] Fetching hourly data for TSLA: 2026-01-08 to 2026-01-09
2026-01-09 01:05:04,051 [INFO]   TSLA: 1 hourly bars (latest only)
2026-01-09 01:05:04,071 [INFO]   TSLA: inserted 1 bars
2026-01-09 01:05:04,071 [INFO] Fetching hourly data for UNH: 2026-01-08 to 2026-01-09
2026-01-09 01:05:04,112 [INFO]   UNH: 1 hourly bars (latest only)
2026-01-09 01:05:04,137 [INFO]   UNH: inserted 1 bars
2026-01-09 01:05:04,137 [INFO] Fetching hourly data for V: 2026-01-08 to 2026-01-09
2026-01-09 01:05:04,190 [INFO]   V: 1 hourly bars (latest only)
2026-01-09 01:05:04,214 [INFO]   V: inserted 1 bars
2026-01-09 01:05:04,214 [INFO] Fetching hourly data for WFC: 2026-01-08 to 2026-01-09
2026-01-09 01:05:04,257 [INFO]   WFC: 1 hourly bars (latest only)
2026-01-09 01:05:04,289 [INFO]   WFC: inserted 1 bars
2026-01-09 01:05:04,289 [INFO] Fetching hourly data for WMT: 2026-01-08 to 2026-01-09
2026-01-09 01:05:04,329 [INFO]   WMT: 1 hourly bars (latest only)
2026-01-09 01:05:04,343 [INFO]   WMT: inserted 1 bars
2026-01-09 01:05:04,343 [INFO] Fetching hourly data for XOM: 2026-01-08 to 2026-01-09
2026-01-09 01:05:04,383 [INFO]   XOM: 1 hourly bars (latest only)
2026-01-09 01:05:04,399 [INFO]   XOM: inserted 1 bars
2026-01-09 01:05:04,400 [INFO] Total: 50 hourly bars collected
2026-01-09 01:05:04,412 [INFO] ✅ Collected 50 hourly bars
2026-01-09 01:05:04 [INFO] scheduler: ✅ data_collection.pipelines.hourly_bars_auto completed in 4.5s
2026-01-09 01:05:04 [INFO] apscheduler.executors.default: Job "run_pipeline (trigger: cron[day_of_week='mon-fri', hour='10-16', minute='5'], next run at: 2026-01-08 13:05:00 EST)" executed successfully
2026-01-09 01:15:00 [INFO] apscheduler.executors.default: Running job "run_pipeline (trigger: cron[hour='6-20', minute='*/15'], next run at: 2026-01-08 12:30:00 EST)" (scheduled at 2026-01-08 12:15:00-05:00)
2026-01-09 01:15:00 [INFO] apscheduler.executors.default: Running job "run_pipeline (trigger: cron[hour='*/4', minute='15'], next run at: 2026-01-08 16:15:00 EST)" (scheduled at 2026-01-08 12:15:00-05:00)
2026-01-09 01:15:00 [INFO] scheduler: Starting pipeline: data_collection.pipelines.sec_rss
2026-01-09 01:15:00 [INFO] scheduler: Starting pipeline: data_collection.pipelines.yfinance_news
2026-01-09 01:15:00,721 INFO sec_rss form=8-K entries=40 processed=0 inserted=0 updated=0 skipped_no_accession=0 skipped_no_cik=0 skipped_filtered=40
2026-01-09 01:15:00,741 INFO __main__: Fetching news for 19 symbols
2026-01-09 01:15:01,192 INFO __main__: ABBV: Found 10 news items
2026-01-09 01:15:01,196 INFO __main__: ABBV: Skipping provider: MT Newswires
2026-01-09 01:15:01,197 INFO __main__: ABBV: Skipping domain: barrons.com
2026-01-09 01:15:01,198 INFO __main__: ABBV: Skipping domain: barrons.com
2026-01-09 01:15:01,198 INFO __main__: ABBV: Skipping provider: MT Newswires
2026-01-09 01:15:01,300 INFO sec_rss form=SC 13D entries=0 processed=0 inserted=0 updated=0 skipped_no_accession=0 skipped_no_cik=0 skipped_filtered=0
2026-01-09 01:15:01,325 INFO __main__: AXP: Found 10 news items
2026-01-09 01:15:01,330 INFO __main__: AXP: Skipping domain: thestreet.com
2026-01-09 01:15:01,458 INFO __main__: BAC: Found 10 news items
2026-01-09 01:15:01,465 INFO data_collection.pipelines.cdp_browser: Launching browser on port 9222 (headless=True)...
2026-01-09 01:15:01,480 INFO data_collection.pipelines.cdp_browser: Browser ready on port 9222
2026-01-09 01:15:01,792 INFO sec_rss form=SC 13D/A entries=0 processed=0 inserted=0 updated=0 skipped_no_accession=0 skipped_no_cik=0 skipped_filtered=0
2026-01-09 01:15:01,800 INFO sec_rss done processed=0 inserted=0 updated=0
2026-01-09 01:15:01 [INFO] scheduler: ✅ data_collection.pipelines.sec_rss completed in 1.8s
2026-01-09 01:15:01 [INFO] apscheduler.executors.default: Job "run_pipeline (trigger: cron[hour='6-20', minute='*/15'], next run at: 2026-01-08 12:30:00 EST)" executed successfully
2026-01-09 01:15:02,553 INFO httpx: HTTP Request: GET http://localhost:9222/json/version "HTTP/1.1 200 OK"
2026-01-09 01:15:03,038 INFO data_collection.pipelines.cdp_browser: CDP browser fully connected
2026-01-09 01:15:05,045 WARNING data_collection.pipelines.cdp_sync: Detected bot blocking phrase: 'verify you are human'
2026-01-09 01:15:05,046 WARNING __main__: BAC: CDP fetch failed for https://247wallst.com/investing/2026/01/08/3-warren-buffett-stocks-to-buy-with-1000-right-now/: bot_blocked
2026-01-09 01:15:05,076 INFO __main__: BAC: Saved '3 Warren Buffett Stocks to Buy With $1,000 Right N...' (doc_id: 668)
2026-01-09 01:15:05,211 INFO __main__: CAT: Found 10 news items
2026-01-09 01:15:05,214 INFO __main__: CAT: Skipping domain: investors.com
2026-01-09 01:15:05,216 INFO __main__: CAT: Skipping domain: investors.com
2026-01-09 01:15:05,216 INFO __main__: CAT: Skipping domain: wsj.com
2026-01-09 01:15:05,216 INFO __main__: CAT: Skipping domain: investors.com
2026-01-09 01:15:05,325 INFO __main__: CRM: Found 10 news items
2026-01-09 01:15:05,326 INFO __main__: CRM: Skipping domain: barrons.com
2026-01-09 01:15:05,327 INFO __main__: CRM: Skipping domain: investors.com
2026-01-09 01:15:05,429 INFO __main__: GE: Found 10 news items
2026-01-09 01:15:05,434 INFO __main__: GE: Skipping domain: barrons.com
2026-01-09 01:15:05,541 INFO __main__: GOOG: Found 10 news items
2026-01-09 01:15:08,639 INFO __main__: GOOG: Saved 'Couple Earning $200K With $555K Debt Call Bankrupt...' (doc_id: 669)
2026-01-09 01:15:11,291 INFO __main__: GOOG: Saved 'HSBC Says The AI Trade Is Getting Harder...' (doc_id: 670)
2026-01-09 01:15:13,809 INFO __main__: GOOG: Saved 'Gemini Starts Closing Gap With ChatGPT...' (doc_id: 671)
2026-01-09 01:15:13,810 INFO __main__: GOOG: Skipping domain: wsj.com
2026-01-09 01:15:13,811 INFO __main__: GOOG: Skipping domain: barrons.com
2026-01-09 01:15:13,812 INFO __main__: GOOG: Skipping domain: barrons.com
2026-01-09 01:15:14,004 INFO __main__: GS: Found 10 news items
2026-01-09 01:15:16,837 INFO __main__: GS: Saved 'Analysts Estimate Goldman Sachs (GS) to Report a D...' (doc_id: 672)
2026-01-09 01:15:16,838 INFO __main__: GS: Skipping domain: barrons.com
2026-01-09 01:15:16,941 INFO __main__: JPM: Found 10 news items
2026-01-09 01:15:19,515 INFO __main__: JPM: Saved 'JPMorgan Replaces Proxy Advisers With AI...' (doc_id: 673)
2026-01-09 01:15:21,409 WARNING data_collection.pipelines.cdp_sync: Detected bot blocking phrase: 'enable javascript and cookies'
2026-01-09 01:15:21,409 WARNING __main__: JPM: CDP fetch failed for https://cryptonews.com/news/jpmorgan-flags-crypto-selloff-bottom-as-etf-flows-turn-two-way/: bot_blocked
2026-01-09 01:15:21,443 INFO __main__: JPM: Saved 'JPMorgan Flags Crypto Sell-off Bottom as ETF Flows...' (doc_id: 674)
2026-01-09 01:15:21,445 INFO __main__: JPM: Skipping domain: barrons.com
2026-01-09 01:15:21,549 INFO __main__: LLY: Found 10 news items
2026-01-09 01:15:21,550 INFO __main__: LLY: Skipping domain: investors.com
2026-01-09 01:15:21,552 INFO __main__: LLY: Skipping domain: investors.com
2026-01-09 01:15:21,553 INFO __main__: LLY: Skipping domain: investors.com
2026-01-09 01:15:21,658 INFO __main__: LRCX: Found 10 news items
2026-01-09 01:15:21,662 INFO __main__: LRCX: Skipping domain: investors.com
2026-01-09 01:15:21,779 INFO __main__: MA: Found 10 news items
2026-01-09 01:15:21,782 INFO __main__: MA: Skipping domain: barrons.com
2026-01-09 01:15:25,658 INFO __main__: MA: Saved 'Apple swaps card to JPMorgan...' (doc_id: 675)
2026-01-09 01:15:25,804 INFO __main__: MS: Found 10 news items
2026-01-09 01:15:28,518 INFO __main__: MS: Saved 'Defense Stocks Jump Today After Trump Calls for $1...' (doc_id: 676)
2026-01-09 01:15:28,519 INFO __main__: MS: Skipping provider: MT Newswires
2026-01-09 01:15:28,520 INFO __main__: MS: Skipping domain: barrons.com
2026-01-09 01:15:31,314 INFO __main__: MS: Saved 'Morgan Stanley (MS) Reports Next Week: Wall Street...' (doc_id: 677)
2026-01-09 01:15:31,315 INFO __main__: MS: Skipping domain: barrons.com
2026-01-09 01:15:31,478 INFO __main__: MU: Found 10 news items
2026-01-09 01:15:33,162 WARNING data_collection.pipelines.cdp_sync: Detected bot blocking phrase: 'verify you are human'
2026-01-09 01:15:33,163 WARNING __main__: MU: CDP fetch failed for https://247wallst.com/investing/2026/01/08/3-growth-etfs-that-can-trounce-the-qqq-again-next-year/: bot_blocked
2026-01-09 01:15:33,177 INFO __main__: MU: Saved '3 Growth ETFs That Can Trounce the QQQ Again Next ...' (doc_id: 678)
2026-01-09 01:15:33,180 INFO __main__: MU: Skipping domain: barrons.com
2026-01-09 01:15:33,180 INFO __main__: MU: Skipping provider: Bloomberg
2026-01-09 01:15:33,181 INFO __main__: MU: Skipping domain: barrons.com
2026-01-09 01:15:33,287 INFO __main__: NVDA: Found 10 news items
2026-01-09 01:15:36,018 INFO __main__: NVDA: Saved 'AI stock battle: Buy, sell or hold Nvidia, Intel, ...' (doc_id: 679)
2026-01-09 01:15:39,182 INFO __main__: NVDA: Saved 'You may own more Nvidia than you think, even if yo...' (doc_id: 680)
2026-01-09 01:15:42,004 INFO __main__: NVDA: Saved 'Battle Royale: AMD vs. Broadcom. Only One Can Make...' (doc_id: 681)
2026-01-09 01:15:42,006 INFO __main__: NVDA: Skipping provider: MT Newswires
2026-01-09 01:15:44,501 INFO __main__: NVDA: Saved 'Nvidia, AMD and Intel Plunges Amid Profit-Taking...' (doc_id: 682)
2026-01-09 01:15:47,217 INFO __main__: NVDA: Saved 'Nvidia’s new Alpamayo project: What it means for T...' (doc_id: 683)
2026-01-09 01:15:49,751 INFO __main__: NVDA: Saved 'Wall Street Resets Nvidia Price Target After CES...' (doc_id: 684)
2026-01-09 01:15:49,852 INFO __main__: PLTR: Found 10 news items
2026-01-09 01:15:49,857 INFO __main__: PLTR: Skipping domain: investors.com
2026-01-09 01:15:49,858 INFO __main__: PLTR: Skipping domain: wsj.com
2026-01-09 01:15:49,964 INFO __main__: V: Found 10 news items
2026-01-09 01:15:51,663 WARNING data_collection.pipelines.cdp_sync: Detected bot blocking phrase: 'verify you are human'
2026-01-09 01:15:51,663 WARNING __main__: V: CDP fetch failed for https://cryptonews.com/news/polygon-labs-launches-open-money-stack-to-bridge-fiat-and-onchain-settlement/: bot_blocked
2026-01-09 01:15:51,680 INFO __main__: V: Saved 'Polygon Labs Launches Open Money Stack to Bridge F...' (doc_id: 685)
2026-01-09 01:15:51,792 INFO __main__: WFC: Found 10 news items
2026-01-09 01:15:51,798 INFO __main__: WFC: Skipping domain: barrons.com
2026-01-09 01:15:51,901 INFO __main__: XOM: Found 10 news items
2026-01-09 01:15:51,902 INFO __main__: XOM: Skipping domain: qz.com
2026-01-09 01:15:51,902 INFO __main__: XOM: Skipping domain: barrons.com
2026-01-09 01:15:54,540 INFO __main__: XOM: Saved 'XOM Warns of Q4 Upstream Earnings Hit Over Lower L...' (doc_id: 686)
2026-01-09 01:15:54,542 INFO __main__: XOM: Skipping provider: MT Newswires
2026-01-09 01:15:54,543 INFO __main__: Collection complete: 19 new, 171 skipped
2026-01-09 01:15:54,573 INFO __main__: Scoring 19 articles with FinBERT...
Device set to use mps:0
2026-01-09 01:16:00,151 INFO __main__: Scored doc_id 686: -3.49 - 'XOM Warns of Q4 Upstream Earnings Hit Over Lower L...'
2026-01-09 01:16:00,193 INFO __main__: Scored doc_id 685: 0.00 - 'Polygon Labs Launches Open Money Stack to Bridge F...'
2026-01-09 01:16:00,258 INFO __main__: Scored doc_id 684: 0.00 - 'Wall Street Resets Nvidia Price Target After CES...'
2026-01-09 01:16:00,361 INFO __main__: Scored doc_id 683: 3.55 - 'Nvidia’s new Alpamayo project: What it means for T...'
2026-01-09 01:16:00,457 INFO __main__: Scored doc_id 682: -4.85 - 'Nvidia, AMD and Intel Plunges Amid Profit-Taking...'
2026-01-09 01:16:00,586 INFO __main__: Scored doc_id 681: 8.94 - 'Battle Royale: AMD vs. Broadcom. Only One Can Make...'
2026-01-09 01:16:00,839 INFO __main__: Scored doc_id 680: 0.00 - 'You may own more Nvidia than you think, even if yo...'
2026-01-09 01:16:00,991 INFO __main__: Scored doc_id 679: 0.00 - 'AI stock battle: Buy, sell or hold Nvidia, Intel, ...'
2026-01-09 01:16:01,030 INFO __main__: Scored doc_id 678: 0.00 - '3 Growth ETFs That Can Trounce the QQQ Again Next ...'
2026-01-09 01:16:01,256 INFO __main__: Scored doc_id 677: 4.54 - 'Morgan Stanley (MS) Reports Next Week: Wall Street...'
2026-01-09 01:16:01,358 INFO __main__: Scored doc_id 676: 9.44 - 'Defense Stocks Jump Today After Trump Calls for $1...'
2026-01-09 01:16:01,483 INFO __main__: Scored doc_id 675: 5.47 - 'Apple swaps card to JPMorgan...'
2026-01-09 01:16:01,523 INFO __main__: Scored doc_id 674: -9.21 - 'JPMorgan Flags Crypto Sell-off Bottom as ETF Flows...'
2026-01-09 01:16:01,585 INFO __main__: Scored doc_id 673: 0.00 - 'JPMorgan Replaces Proxy Advisers With AI...'
2026-01-09 01:16:01,782 INFO __main__: Scored doc_id 672: -1.56 - 'Analysts Estimate Goldman Sachs (GS) to Report a D...'
2026-01-09 01:16:01,834 INFO __main__: Scored doc_id 671: 9.33 - 'Gemini Starts Closing Gap With ChatGPT...'
2026-01-09 01:16:01,894 INFO __main__: Scored doc_id 670: 0.00 - 'HSBC Says The AI Trade Is Getting Harder...'
2026-01-09 01:16:02,055 INFO __main__: Scored doc_id 669: -2.59 - 'Couple Earning $200K With $555K Debt Call Bankrupt...'
2026-01-09 01:16:02,094 INFO __main__: Scored doc_id 668: 0.00 - '3 Warren Buffett Stocks to Buy With $1,000 Right N...'
2026-01-09 01:16:02,094 INFO __main__: Scoring complete: 19/19 articles
2026-01-09 01:16:03 [INFO] scheduler: ✅ data_collection.pipelines.yfinance_news completed in 63.1s
2026-01-09 01:16:03 [INFO] apscheduler.executors.default: Job "run_pipeline (trigger: cron[hour='*/4', minute='15'], next run at: 2026-01-08 16:15:00 EST)" executed successfully
2026-01-09 01:30:00 [INFO] apscheduler.executors.default: Running job "run_pipeline (trigger: cron[hour='6-20', minute='*/15'], next run at: 2026-01-08 12:45:00 EST)" (scheduled at 2026-01-08 12:30:00-05:00)
2026-01-09 01:30:00 [INFO] scheduler: Starting pipeline: data_collection.pipelines.sec_rss
2026-01-09 01:30:01,135 INFO sec_rss form=8-K entries=40 processed=0 inserted=0 updated=0 skipped_no_accession=0 skipped_no_cik=0 skipped_filtered=40
2026-01-09 01:30:01,750 INFO sec_rss form=SC 13D entries=0 processed=0 inserted=0 updated=0 skipped_no_accession=0 skipped_no_cik=0 skipped_filtered=0
2026-01-09 01:30:03,802 INFO sec_rss form=SC 13D/A entries=0 processed=0 inserted=0 updated=0 skipped_no_accession=0 skipped_no_cik=0 skipped_filtered=0
2026-01-09 01:30:03,805 INFO sec_rss done processed=0 inserted=0 updated=0
2026-01-09 01:30:03 [INFO] scheduler: ✅ data_collection.pipelines.sec_rss completed in 3.9s
2026-01-09 01:30:03 [INFO] apscheduler.executors.default: Job "run_pipeline (trigger: cron[hour='6-20', minute='*/15'], next run at: 2026-01-08 12:45:00 EST)" executed successfully
2026-01-09 01:57:27 [WARNING] apscheduler.executors.default: Run time of job "run_pipeline (trigger: cron[hour='6-20', minute='*/15'], next run at: 2026-01-08 13:00:00 EST)" was missed by 0:12:27.795594
2026-01-09 02:00:00 [INFO] apscheduler.executors.default: Running job "run_pipeline (trigger: cron[hour='6-20', minute='*/15'], next run at: 2026-01-08 13:15:00 EST)" (scheduled at 2026-01-08 13:00:00-05:00)
2026-01-09 02:00:00 [INFO] scheduler: Starting pipeline: data_collection.pipelines.sec_rss
2026-01-09 02:00:00,824 INFO sec_rss form=8-K entries=40 processed=0 inserted=0 updated=0 skipped_no_accession=0 skipped_no_cik=0 skipped_filtered=40
2026-01-09 02:00:01,150 INFO sec_rss form=SC 13D entries=0 processed=0 inserted=0 updated=0 skipped_no_accession=0 skipped_no_cik=0 skipped_filtered=0
2026-01-09 02:00:01,470 INFO sec_rss form=SC 13D/A entries=0 processed=0 inserted=0 updated=0 skipped_no_accession=0 skipped_no_cik=0 skipped_filtered=0
2026-01-09 02:00:01,474 INFO sec_rss done processed=0 inserted=0 updated=0
2026-01-09 02:00:01 [INFO] scheduler: ✅ data_collection.pipelines.sec_rss completed in 1.5s
2026-01-09 02:00:01 [INFO] apscheduler.executors.default: Job "run_pipeline (trigger: cron[hour='6-20', minute='*/15'], next run at: 2026-01-08 13:15:00 EST)" executed successfully
2026-01-09 02:05:00 [INFO] apscheduler.executors.default: Running job "run_pipeline (trigger: cron[day_of_week='mon-fri', hour='10-16', minute='5'], next run at: 2026-01-08 14:05:00 EST)" (scheduled at 2026-01-08 13:05:00-05:00)
2026-01-09 02:05:00 [INFO] scheduler: Starting pipeline: data_collection.pipelines.hourly_bars_auto
2026-01-09 02:05:00,705 [INFO] Got 50 symbols from universe
2026-01-09 02:05:00,705 [INFO] Collecting hourly bars: 2026-01-08 to 2026-01-09
2026-01-09 02:05:00,705 [INFO] Collecting hourly bars for 50 tickers
2026-01-09 02:05:00,705 [INFO] Period: 2026-01-08 to 2026-01-09
2026-01-09 02:05:00,705 [INFO] Mode: latest-only
2026-01-09 02:05:00,710 [INFO] Fetching hourly data for AAPL: 2026-01-08 to 2026-01-09
2026-01-09 02:05:01,115 [INFO]   AAPL: 1 hourly bars (latest only)
2026-01-09 02:05:01,144 [INFO]   AAPL: inserted 1 bars
2026-01-09 02:05:01,144 [INFO] Fetching hourly data for ABBV: 2026-01-08 to 2026-01-09
2026-01-09 02:05:01,179 [INFO]   ABBV: 1 hourly bars (latest only)
2026-01-09 02:05:01,197 [INFO]   ABBV: inserted 1 bars
2026-01-09 02:05:01,197 [INFO] Fetching hourly data for ABT: 2026-01-08 to 2026-01-09
2026-01-09 02:05:01,241 [INFO]   ABT: 1 hourly bars (latest only)
2026-01-09 02:05:01,260 [INFO]   ABT: inserted 1 bars
2026-01-09 02:05:01,260 [INFO] Fetching hourly data for AMAT: 2026-01-08 to 2026-01-09
2026-01-09 02:05:01,297 [INFO]   AMAT: 1 hourly bars (latest only)
2026-01-09 02:05:01,314 [INFO]   AMAT: inserted 1 bars
2026-01-09 02:05:01,314 [INFO] Fetching hourly data for AMD: 2026-01-08 to 2026-01-09
2026-01-09 02:05:01,355 [INFO]   AMD: 1 hourly bars (latest only)
2026-01-09 02:05:01,372 [INFO]   AMD: inserted 1 bars
2026-01-09 02:05:01,372 [INFO] Fetching hourly data for AMZN: 2026-01-08 to 2026-01-09
2026-01-09 02:05:01,408 [INFO]   AMZN: 1 hourly bars (latest only)
2026-01-09 02:05:01,423 [INFO]   AMZN: inserted 1 bars
2026-01-09 02:05:01,423 [INFO] Fetching hourly data for APP: 2026-01-08 to 2026-01-09
2026-01-09 02:05:01,464 [INFO]   APP: 1 hourly bars (latest only)
2026-01-09 02:05:01,486 [INFO]   APP: inserted 1 bars
2026-01-09 02:05:01,486 [INFO] Fetching hourly data for AVGO: 2026-01-08 to 2026-01-09
2026-01-09 02:05:01,523 [INFO]   AVGO: 1 hourly bars (latest only)
2026-01-09 02:05:01,539 [INFO]   AVGO: inserted 1 bars
2026-01-09 02:05:01,539 [INFO] Fetching hourly data for AXP: 2026-01-08 to 2026-01-09
2026-01-09 02:05:01,575 [INFO]   AXP: 1 hourly bars (latest only)
2026-01-09 02:05:01,594 [INFO]   AXP: inserted 1 bars
2026-01-09 02:05:01,594 [INFO] Fetching hourly data for BAC: 2026-01-08 to 2026-01-09
2026-01-09 02:05:01,638 [INFO]   BAC: 1 hourly bars (latest only)
2026-01-09 02:05:01,656 [INFO]   BAC: inserted 1 bars
2026-01-09 02:05:01,656 [INFO] Fetching hourly data for BRK.B (as BRK-B): 2026-01-08 to 2026-01-09
2026-01-09 02:05:01,695 [INFO]   BRK.B: 1 hourly bars (latest only)
2026-01-09 02:05:01,714 [INFO]   BRK.B: inserted 1 bars
2026-01-09 02:05:01,714 [INFO] Fetching hourly data for C: 2026-01-08 to 2026-01-09
2026-01-09 02:05:01,756 [INFO]   C: 1 hourly bars (latest only)
2026-01-09 02:05:01,772 [INFO]   C: inserted 1 bars
2026-01-09 02:05:01,772 [INFO] Fetching hourly data for CAT: 2026-01-08 to 2026-01-09
2026-01-09 02:05:01,809 [INFO]   CAT: 1 hourly bars (latest only)
2026-01-09 02:05:01,826 [INFO]   CAT: inserted 1 bars
2026-01-09 02:05:01,826 [INFO] Fetching hourly data for COST: 2026-01-08 to 2026-01-09
2026-01-09 02:05:01,865 [INFO]   COST: 1 hourly bars (latest only)
2026-01-09 02:05:01,884 [INFO]   COST: inserted 1 bars
2026-01-09 02:05:01,884 [INFO] Fetching hourly data for CRM: 2026-01-08 to 2026-01-09
2026-01-09 02:05:01,924 [INFO]   CRM: 1 hourly bars (latest only)
2026-01-09 02:05:01,940 [INFO]   CRM: inserted 1 bars
2026-01-09 02:05:01,940 [INFO] Fetching hourly data for CSCO: 2026-01-08 to 2026-01-09
2026-01-09 02:05:01,976 [INFO]   CSCO: 1 hourly bars (latest only)
2026-01-09 02:05:01,995 [INFO]   CSCO: inserted 1 bars
2026-01-09 02:05:01,995 [INFO] Fetching hourly data for CVX: 2026-01-08 to 2026-01-09
2026-01-09 02:05:02,036 [INFO]   CVX: 1 hourly bars (latest only)
2026-01-09 02:05:02,053 [INFO]   CVX: inserted 1 bars
2026-01-09 02:05:02,053 [INFO] Fetching hourly data for GE: 2026-01-08 to 2026-01-09
2026-01-09 02:05:02,103 [INFO]   GE: 1 hourly bars (latest only)
2026-01-09 02:05:02,120 [INFO]   GE: inserted 1 bars
2026-01-09 02:05:02,121 [INFO] Fetching hourly data for GOOG: 2026-01-08 to 2026-01-09
2026-01-09 02:05:02,166 [INFO]   GOOG: 1 hourly bars (latest only)
2026-01-09 02:05:02,188 [INFO]   GOOG: inserted 1 bars
2026-01-09 02:05:02,188 [INFO] Fetching hourly data for GOOGL: 2026-01-08 to 2026-01-09
2026-01-09 02:05:02,226 [INFO]   GOOGL: 1 hourly bars (latest only)
2026-01-09 02:05:02,236 [INFO]   GOOGL: inserted 1 bars
2026-01-09 02:05:02,236 [INFO] Fetching hourly data for GS: 2026-01-08 to 2026-01-09
2026-01-09 02:05:02,294 [INFO]   GS: 1 hourly bars (latest only)
2026-01-09 02:05:02,307 [INFO]   GS: inserted 1 bars
2026-01-09 02:05:02,307 [INFO] Fetching hourly data for HD: 2026-01-08 to 2026-01-09
2026-01-09 02:05:02,361 [INFO]   HD: 1 hourly bars (latest only)
2026-01-09 02:05:02,377 [INFO]   HD: inserted 1 bars
2026-01-09 02:05:02,377 [INFO] Fetching hourly data for IBM: 2026-01-08 to 2026-01-09
2026-01-09 02:05:02,413 [INFO]   IBM: 1 hourly bars (latest only)
2026-01-09 02:05:02,431 [INFO]   IBM: inserted 1 bars
2026-01-09 02:05:02,431 [INFO] Fetching hourly data for JNJ: 2026-01-08 to 2026-01-09
2026-01-09 02:05:02,474 [INFO]   JNJ: 1 hourly bars (latest only)
2026-01-09 02:05:02,491 [INFO]   JNJ: inserted 1 bars
2026-01-09 02:05:02,491 [INFO] Fetching hourly data for JPM: 2026-01-08 to 2026-01-09
2026-01-09 02:05:02,525 [INFO]   JPM: 1 hourly bars (latest only)
2026-01-09 02:05:02,538 [INFO]   JPM: inserted 1 bars
2026-01-09 02:05:02,538 [INFO] Fetching hourly data for KO: 2026-01-08 to 2026-01-09
2026-01-09 02:05:02,574 [INFO]   KO: 1 hourly bars (latest only)
2026-01-09 02:05:02,586 [INFO]   KO: inserted 1 bars
2026-01-09 02:05:02,586 [INFO] Fetching hourly data for LLY: 2026-01-08 to 2026-01-09
2026-01-09 02:05:02,620 [INFO]   LLY: 1 hourly bars (latest only)
2026-01-09 02:05:02,637 [INFO]   LLY: inserted 1 bars
2026-01-09 02:05:02,637 [INFO] Fetching hourly data for LRCX: 2026-01-08 to 2026-01-09
2026-01-09 02:05:02,673 [INFO]   LRCX: 1 hourly bars (latest only)
2026-01-09 02:05:02,691 [INFO]   LRCX: inserted 1 bars
2026-01-09 02:05:02,692 [INFO] Fetching hourly data for MA: 2026-01-08 to 2026-01-09
2026-01-09 02:05:02,731 [INFO]   MA: 1 hourly bars (latest only)
2026-01-09 02:05:02,751 [INFO]   MA: inserted 1 bars
2026-01-09 02:05:02,752 [INFO] Fetching hourly data for MCD: 2026-01-08 to 2026-01-09
2026-01-09 02:05:02,794 [INFO]   MCD: 1 hourly bars (latest only)
2026-01-09 02:05:02,819 [INFO]   MCD: inserted 1 bars
2026-01-09 02:05:02,819 [INFO] Fetching hourly data for META: 2026-01-08 to 2026-01-09
2026-01-09 02:05:02,858 [INFO]   META: 1 hourly bars (latest only)
2026-01-09 02:05:02,875 [INFO]   META: inserted 1 bars
2026-01-09 02:05:02,875 [INFO] Fetching hourly data for MRK: 2026-01-08 to 2026-01-09
2026-01-09 02:05:02,915 [INFO]   MRK: 1 hourly bars (latest only)
2026-01-09 02:05:02,929 [INFO]   MRK: inserted 1 bars
2026-01-09 02:05:02,929 [INFO] Fetching hourly data for MS: 2026-01-08 to 2026-01-09
2026-01-09 02:05:02,969 [INFO]   MS: 1 hourly bars (latest only)
2026-01-09 02:05:02,986 [INFO]   MS: inserted 1 bars
2026-01-09 02:05:02,986 [INFO] Fetching hourly data for MSFT: 2026-01-08 to 2026-01-09
2026-01-09 02:05:03,023 [INFO]   MSFT: 1 hourly bars (latest only)
2026-01-09 02:05:03,038 [INFO]   MSFT: inserted 1 bars
2026-01-09 02:05:03,038 [INFO] Fetching hourly data for MU: 2026-01-08 to 2026-01-09
2026-01-09 02:05:03,074 [INFO]   MU: 1 hourly bars (latest only)
2026-01-09 02:05:03,103 [INFO]   MU: inserted 1 bars
2026-01-09 02:05:03,103 [INFO] Fetching hourly data for NFLX: 2026-01-08 to 2026-01-09
2026-01-09 02:05:03,150 [INFO]   NFLX: 1 hourly bars (latest only)
2026-01-09 02:05:03,194 [INFO]   NFLX: inserted 1 bars
2026-01-09 02:05:03,195 [INFO] Fetching hourly data for NVDA: 2026-01-08 to 2026-01-09
2026-01-09 02:05:03,250 [INFO]   NVDA: 1 hourly bars (latest only)
2026-01-09 02:05:03,278 [INFO]   NVDA: inserted 1 bars
2026-01-09 02:05:03,278 [INFO] Fetching hourly data for ORCL: 2026-01-08 to 2026-01-09
2026-01-09 02:05:03,315 [INFO]   ORCL: 1 hourly bars (latest only)
2026-01-09 02:05:03,334 [INFO]   ORCL: inserted 1 bars
2026-01-09 02:05:03,334 [INFO] Fetching hourly data for PG: 2026-01-08 to 2026-01-09
2026-01-09 02:05:03,376 [INFO]   PG: 1 hourly bars (latest only)
2026-01-09 02:05:03,390 [INFO]   PG: inserted 1 bars
2026-01-09 02:05:03,390 [INFO] Fetching hourly data for PLTR: 2026-01-08 to 2026-01-09
2026-01-09 02:05:03,440 [INFO]   PLTR: 1 hourly bars (latest only)
2026-01-09 02:05:03,463 [INFO]   PLTR: inserted 1 bars
2026-01-09 02:05:03,463 [INFO] Fetching hourly data for PM: 2026-01-08 to 2026-01-09
2026-01-09 02:05:03,510 [INFO]   PM: 1 hourly bars (latest only)
2026-01-09 02:05:03,537 [INFO]   PM: inserted 1 bars
2026-01-09 02:05:03,538 [INFO] Fetching hourly data for RTX: 2026-01-08 to 2026-01-09
2026-01-09 02:05:03,577 [INFO]   RTX: 1 hourly bars (latest only)
2026-01-09 02:05:03,595 [INFO]   RTX: inserted 1 bars
2026-01-09 02:05:03,595 [INFO] Fetching hourly data for TMO: 2026-01-08 to 2026-01-09
2026-01-09 02:05:03,631 [INFO]   TMO: 1 hourly bars (latest only)
2026-01-09 02:05:03,647 [INFO]   TMO: inserted 1 bars
2026-01-09 02:05:03,647 [INFO] Fetching hourly data for TMUS: 2026-01-08 to 2026-01-09
2026-01-09 02:05:03,678 [INFO]   TMUS: 1 hourly bars (latest only)
2026-01-09 02:05:03,691 [INFO]   TMUS: inserted 1 bars
2026-01-09 02:05:03,691 [INFO] Fetching hourly data for TSLA: 2026-01-08 to 2026-01-09
2026-01-09 02:05:03,738 [INFO]   TSLA: 1 hourly bars (latest only)
2026-01-09 02:05:03,749 [INFO]   TSLA: inserted 1 bars
2026-01-09 02:05:03,749 [INFO] Fetching hourly data for UNH: 2026-01-08 to 2026-01-09
2026-01-09 02:05:03,786 [INFO]   UNH: 1 hourly bars (latest only)
2026-01-09 02:05:03,808 [INFO]   UNH: inserted 1 bars
2026-01-09 02:05:03,808 [INFO] Fetching hourly data for V: 2026-01-08 to 2026-01-09
2026-01-09 02:05:03,856 [INFO]   V: 1 hourly bars (latest only)
2026-01-09 02:05:03,872 [INFO]   V: inserted 1 bars
2026-01-09 02:05:03,872 [INFO] Fetching hourly data for WFC: 2026-01-08 to 2026-01-09
2026-01-09 02:05:03,912 [INFO]   WFC: 1 hourly bars (latest only)
2026-01-09 02:05:03,927 [INFO]   WFC: inserted 1 bars
2026-01-09 02:05:03,927 [INFO] Fetching hourly data for WMT: 2026-01-08 to 2026-01-09
2026-01-09 02:05:03,969 [INFO]   WMT: 1 hourly bars (latest only)
2026-01-09 02:05:03,985 [INFO]   WMT: inserted 1 bars
2026-01-09 02:05:03,985 [INFO] Fetching hourly data for XOM: 2026-01-08 to 2026-01-09
2026-01-09 02:05:04,024 [INFO]   XOM: 1 hourly bars (latest only)
2026-01-09 02:05:04,038 [INFO]   XOM: inserted 1 bars
2026-01-09 02:05:04,038 [INFO] Total: 50 hourly bars collected
2026-01-09 02:05:04,046 [INFO] ✅ Collected 50 hourly bars
2026-01-09 02:05:04 [INFO] scheduler: ✅ data_collection.pipelines.hourly_bars_auto completed in 4.1s
2026-01-09 02:05:04 [INFO] apscheduler.executors.default: Job "run_pipeline (trigger: cron[day_of_week='mon-fri', hour='10-16', minute='5'], next run at: 2026-01-08 14:05:00 EST)" executed successfully
2026-01-09 02:15:00 [INFO] apscheduler.executors.default: Running job "run_pipeline (trigger: cron[hour='6-20', minute='*/15'], next run at: 2026-01-08 13:30:00 EST)" (scheduled at 2026-01-08 13:15:00-05:00)
2026-01-09 02:15:00 [INFO] scheduler: Starting pipeline: data_collection.pipelines.sec_rss
2026-01-09 02:15:00,872 INFO sec_rss form=8-K entries=40 processed=0 inserted=0 updated=0 skipped_no_accession=0 skipped_no_cik=0 skipped_filtered=40
2026-01-09 02:15:01,230 INFO sec_rss form=SC 13D entries=0 processed=0 inserted=0 updated=0 skipped_no_accession=0 skipped_no_cik=0 skipped_filtered=0
2026-01-09 02:15:01,522 INFO sec_rss form=SC 13D/A entries=0 processed=0 inserted=0 updated=0 skipped_no_accession=0 skipped_no_cik=0 skipped_filtered=0
2026-01-09 02:15:01,525 INFO sec_rss done processed=0 inserted=0 updated=0
2026-01-09 02:15:01 [INFO] scheduler: ✅ data_collection.pipelines.sec_rss completed in 1.6s
2026-01-09 02:15:01 [INFO] apscheduler.executors.default: Job "run_pipeline (trigger: cron[hour='6-20', minute='*/15'], next run at: 2026-01-08 13:30:00 EST)" executed successfully
2026-01-09 02:30:00 [INFO] apscheduler.executors.default: Running job "run_pipeline (trigger: cron[hour='6-20', minute='*/15'], next run at: 2026-01-08 13:45:00 EST)" (scheduled at 2026-01-08 13:30:00-05:00)
2026-01-09 02:30:00 [INFO] scheduler: Starting pipeline: data_collection.pipelines.sec_rss
2026-01-09 02:30:01,372 INFO sec_rss form=8-K entries=40 processed=0 inserted=0 updated=0 skipped_no_accession=0 skipped_no_cik=0 skipped_filtered=40
2026-01-09 02:30:01,710 INFO sec_rss form=SC 13D entries=0 processed=0 inserted=0 updated=0 skipped_no_accession=0 skipped_no_cik=0 skipped_filtered=0
2026-01-09 02:30:11,310 INFO sec_rss form=SC 13D/A entries=0 processed=0 inserted=0 updated=0 skipped_no_accession=0 skipped_no_cik=0 skipped_filtered=0
2026-01-09 02:30:11,312 INFO sec_rss done processed=0 inserted=0 updated=0
2026-01-09 02:30:11 [INFO] scheduler: ✅ data_collection.pipelines.sec_rss completed in 11.4s
2026-01-09 02:30:11 [INFO] apscheduler.executors.default: Job "run_pipeline (trigger: cron[hour='6-20', minute='*/15'], next run at: 2026-01-08 13:45:00 EST)" executed successfully
2026-01-09 04:01:57 [WARNING] apscheduler.executors.default: Run time of job "run_pipeline (trigger: cron[hour='6-20', minute='*/15'], next run at: 2026-01-08 15:15:00 EST)" was missed by 0:01:57.958876
2026-01-09 04:01:57 [WARNING] apscheduler.executors.default: Run time of job "run_pipeline (trigger: cron[day_of_week='mon-fri', hour='10-16', minute='5'], next run at: 2026-01-08 15:05:00 EST)" was missed by 0:56:57.959440
2026-01-09 04:05:00 [INFO] apscheduler.executors.default: Running job "run_pipeline (trigger: cron[day_of_week='mon-fri', hour='10-16', minute='5'], next run at: 2026-01-08 16:05:00 EST)" (scheduled at 2026-01-08 15:05:00-05:00)
2026-01-09 04:05:00 [INFO] scheduler: Starting pipeline: data_collection.pipelines.hourly_bars_auto
Traceback (most recent call last):
  File "/opt/homebrew/Cellar/python@3.10/3.10.19_1/Frameworks/Python.framework/Versions/3.10/lib/python3.10/runpy.py", line 196, in _run_module_as_main
    return _run_code(code, main_globals, None,
  File "/opt/homebrew/Cellar/python@3.10/3.10.19_1/Frameworks/Python.framework/Versions/3.10/lib/python3.10/runpy.py", line 86, in _run_code
    exec(code, run_globals)
  File "/Users/pan/Documents/Github/Eiqora/data_collection/pipelines/hourly_bars_auto.py", line 55, in <module>
    main()
  File "/Users/pan/Documents/Github/Eiqora/data_collection/pipelines/hourly_bars_auto.py", line 32, in main
    symbols = get_universe_symbols()
  File "/Users/pan/Documents/Github/Eiqora/data_collection/pipelines/hourly_bars_auto.py", line 21, in get_universe_symbols
    with get_connection() as conn:
  File "/Users/pan/Documents/Github/Eiqora/data_collection/db/connection.py", line 12, in get_connection
    return psycopg.connect(settings.url)
  File "/Users/pan/Documents/Github/Eiqora/.venv/lib/python3.10/site-packages/psycopg/connection.py", line 129, in connect
    raise type(last_ex)("\n".join(lines)).with_traceback(None)
psycopg.errors.ConnectionTimeout: connection timeout expired
Multiple connection attempts failed. All failures were:
- host: 'localhost', port: '5432', hostaddr: '::1': connection timeout expired
- host: 'localhost', port: '5432', hostaddr: '127.0.0.1': connection timeout expired
2026-01-09 04:09:20 [ERROR] scheduler: ❌ data_collection.pipelines.hourly_bars_auto failed (exit 1)
2026-01-09 04:09:20 [INFO] apscheduler.executors.default: Job "run_pipeline (trigger: cron[day_of_week='mon-fri', hour='10-16', minute='5'], next run at: 2026-01-08 16:05:00 EST)" executed successfully
2026-01-09 05:42:31 [WARNING] apscheduler.executors.default: Run time of job "run_pipeline (trigger: cron[hour='6-20', minute='*/15'], next run at: 2026-01-08 16:45:00 EST)" was missed by 0:12:31.611255
2026-01-09 05:42:31 [WARNING] apscheduler.executors.default: Run time of job "run_pipeline (trigger: cron[day_of_week='mon-fri', hour='10-16', minute='5'], next run at: 2026-01-09 10:05:00 EST)" was missed by 0:37:31.612085
2026-01-09 05:42:31 [WARNING] apscheduler.executors.default: Run time of job "run_pipeline (trigger: cron[hour='*/4', minute='15'], next run at: 2026-01-08 20:15:00 EST)" was missed by 0:27:31.612631
2026-01-09 06:22:53 [WARNING] apscheduler.executors.default: Run time of job "run_pipeline (trigger: cron[hour='6-20', minute='*/15'], next run at: 2026-01-08 17:30:00 EST)" was missed by 0:07:53.043985
2026-01-09 08:28:47 [WARNING] apscheduler.executors.default: Run time of job "run_pipeline (trigger: cron[hour='6-20', minute='*/15'], next run at: 2026-01-08 19:30:00 EST)" was missed by 0:13:47.457940
2026-01-09 08:28:47 [WARNING] apscheduler.executors.default: Run time of job "run_pipeline (trigger: cron[hour='18', minute='15'], next run at: 2026-01-09 18:15:00 EST)" was missed by 1:13:47.458223
2026-01-09 08:28:47 [WARNING] apscheduler.executors.default: Run time of job "run_pipeline (trigger: cron[hour='18', minute='30'], next run at: 2026-01-09 18:30:00 EST)" was missed by 0:58:47.458279
2026-01-09 09:02:28 [WARNING] apscheduler.executors.default: Run time of job "run_pipeline (trigger: cron[hour='6-20', minute='*/15'], next run at: 2026-01-08 20:15:00 EST)" was missed by 0:02:28.607893
2026-01-09 10:07:44 [WARNING] apscheduler.executors.default: Run time of job "run_pipeline (trigger: cron[hour='6-20', minute='*/15'], next run at: 2026-01-09 06:00:00 EST)" was missed by 0:22:44.052154
2026-01-09 10:07:44 [WARNING] apscheduler.executors.default: Run time of job "run_pipeline (trigger: cron[hour='*/4', minute='15'], next run at: 2026-01-09 00:15:00 EST)" was missed by 0:52:44.052899
2026-01-09 13:15:00 [INFO] apscheduler.executors.default: Running job "run_pipeline (trigger: cron[hour='*/4', minute='15'], next run at: 2026-01-09 04:15:00 EST)" (scheduled at 2026-01-09 00:15:00-05:00)
2026-01-09 13:15:00 [INFO] scheduler: Starting pipeline: data_collection.pipelines.yfinance_news
2026-01-09 13:15:00,857 INFO __main__: Fetching news for 19 symbols
2026-01-09 13:15:01,398 INFO __main__: ABBV: Found 10 news items
2026-01-09 13:15:01,403 INFO __main__: ABBV: Skipping domain: investors.com
2026-01-09 13:15:01,404 INFO __main__: ABBV: Skipping provider: MT Newswires
2026-01-09 13:15:01,405 INFO __main__: ABBV: Skipping provider: MT Newswires
2026-01-09 13:15:01,407 INFO __main__: ABBV: Skipping domain: barrons.com
2026-01-09 13:15:01,410 INFO __main__: ABBV: Skipping domain: barrons.com
2026-01-09 13:15:01,411 INFO __main__: ABBV: Skipping provider: MT Newswires
2026-01-09 13:15:01,551 INFO __main__: AXP: Found 10 news items
2026-01-09 13:15:01,556 INFO __main__: AXP: Skipping domain: thestreet.com
2026-01-09 13:15:01,697 INFO __main__: BAC: Found 10 news items
2026-01-09 13:15:01,702 INFO __main__: BAC: Skipping domain: thestreet.com
2026-01-09 13:15:01,866 INFO __main__: CAT: Found 10 news items
2026-01-09 13:15:01,874 INFO data_collection.pipelines.cdp_browser: Launching browser on port 9222 (headless=True)...
2026-01-09 13:15:01,882 INFO data_collection.pipelines.cdp_browser: Browser ready on port 9222
2026-01-09 13:15:02,938 INFO httpx: HTTP Request: GET http://localhost:9222/json/version "HTTP/1.1 200 OK"
2026-01-09 13:15:03,421 INFO data_collection.pipelines.cdp_browser: CDP browser fully connected
2026-01-09 13:15:07,570 INFO __main__: CAT: Saved 'With a 47% stake, Caxton and CTP Publishers and Pr...' (doc_id: 752)
2026-01-09 13:15:07,572 INFO __main__: CAT: Skipping provider: Bloomberg
2026-01-09 13:15:07,572 INFO __main__: CAT: Skipping domain: investors.com
2026-01-09 13:15:07,574 INFO __main__: CAT: Skipping domain: investors.com
2026-01-09 13:15:07,574 INFO __main__: CAT: Skipping domain: wsj.com
2026-01-09 13:15:07,692 INFO __main__: CRM: Found 10 news items
2026-01-09 13:15:07,695 INFO __main__: CRM: Skipping domain: barrons.com
2026-01-09 13:15:07,695 INFO __main__: CRM: Skipping domain: investors.com
2026-01-09 13:15:07,859 INFO __main__: GE: Found 10 news items
2026-01-09 13:15:07,863 INFO __main__: GE: Skipping domain: barrons.com
2026-01-09 13:15:07,979 INFO __main__: GOOG: Found 10 news items
2026-01-09 13:15:07,986 INFO __main__: GOOG: Skipping domain: wsj.com
2026-01-09 13:15:07,986 INFO __main__: GOOG: Skipping domain: barrons.com
2026-01-09 13:15:08,171 INFO __main__: GS: Found 10 news items
2026-01-09 13:15:08,176 INFO __main__: GS: Skipping domain: barrons.com
2026-01-09 13:15:08,445 INFO __main__: JPM: Found 10 news items
2026-01-09 13:15:08,448 INFO __main__: JPM: Skipping domain: thestreet.com
2026-01-09 13:15:08,614 INFO __main__: LLY: Found 10 news items
2026-01-09 13:15:08,619 INFO __main__: LLY: Skipping domain: investors.com
2026-01-09 13:15:08,619 INFO __main__: LLY: Skipping domain: thestreet.com
2026-01-09 13:15:08,620 INFO __main__: LLY: Skipping domain: wsj.com
2026-01-09 13:15:08,622 INFO __main__: LLY: Skipping domain: investors.com
2026-01-09 13:15:08,622 INFO __main__: LLY: Skipping domain: investors.com
2026-01-09 13:15:08,765 INFO __main__: LRCX: Found 10 news items
2026-01-09 13:15:11,339 INFO __main__: LRCX: Saved '11 S&P 500 Stocks Doubled in 2025. This Is the Bes...' (doc_id: 753)
2026-01-09 13:15:11,470 INFO __main__: MA: Found 10 news items
2026-01-09 13:15:11,472 INFO __main__: MA: Skipping domain: barrons.com
2026-01-09 13:15:11,615 INFO __main__: MS: Found 10 news items
2026-01-09 13:15:11,617 INFO __main__: MS: Skipping provider: Bloomberg
2026-01-09 13:15:11,620 INFO __main__: MS: Skipping provider: MT Newswires
2026-01-09 13:15:11,620 INFO __main__: MS: Skipping domain: barrons.com
2026-01-09 13:15:11,621 INFO __main__: MS: Skipping domain: barrons.com
2026-01-09 13:15:11,822 INFO __main__: MU: Found 10 news items
2026-01-09 13:15:11,828 INFO __main__: MU: Skipping provider: MT Newswires
2026-01-09 13:15:11,829 INFO __main__: MU: Skipping domain: barrons.com
2026-01-09 13:15:11,830 INFO __main__: MU: Skipping provider: MT Newswires
2026-01-09 13:15:11,831 INFO __main__: MU: Skipping provider: MT Newswires
2026-01-09 13:15:11,832 INFO __main__: MU: Skipping domain: thestreet.com
2026-01-09 13:15:12,070 INFO __main__: NVDA: Found 10 news items
2026-01-09 13:15:14,726 INFO __main__: NVDA: Saved 'Nvidia Tightens H200 Chip Sales To China, Shift Ri...' (doc_id: 754)
2026-01-09 13:15:17,943 INFO __main__: NVDA: Saved 'Where Will Nvidia Be in 1 Year?...' (doc_id: 755)
2026-01-09 13:15:17,945 INFO __main__: NVDA: Skipping domain: investors.com
2026-01-09 13:15:18,062 INFO __main__: PLTR: Found 10 news items
2026-01-09 13:15:18,066 INFO __main__: PLTR: Skipping domain: investors.com
2026-01-09 13:15:18,066 INFO __main__: PLTR: Skipping domain: wsj.com
2026-01-09 13:15:18,206 INFO __main__: V: Found 10 news items
2026-01-09 13:15:18,345 INFO __main__: WFC: Found 10 news items
2026-01-09 13:15:18,350 INFO __main__: WFC: Skipping domain: barrons.com
2026-01-09 13:15:18,467 INFO __main__: XOM: Found 10 news items
2026-01-09 13:15:18,470 INFO __main__: XOM: Skipping provider: Bloomberg
2026-01-09 13:15:18,471 INFO __main__: XOM: Skipping domain: barrons.com
2026-01-09 13:15:18,472 INFO __main__: XOM: Skipping provider: MT Newswires
2026-01-09 13:15:18,472 INFO __main__: XOM: Skipping provider: Bloomberg
2026-01-09 13:15:18,472 INFO __main__: Collection complete: 4 new, 186 skipped
2026-01-09 13:15:18,492 INFO __main__: Scoring 4 articles with FinBERT...
Device set to use mps:0
2026-01-09 13:15:24,437 INFO __main__: Scored doc_id 755: 6.54 - 'Where Will Nvidia Be in 1 Year?...'
2026-01-09 13:15:24,594 INFO __main__: Scored doc_id 754: -2.43 - 'Nvidia Tightens H200 Chip Sales To China, Shift Ri...'
2026-01-09 13:15:24,736 INFO __main__: Scored doc_id 753: 6.29 - '11 S&P 500 Stocks Doubled in 2025. This Is the Bes...'
2026-01-09 13:15:24,963 INFO __main__: Scored doc_id 752: -1.45 - 'With a 47% stake, Caxton and CTP Publishers and Pr...'
2026-01-09 13:15:24,963 INFO __main__: Scoring complete: 4/4 articles
2026-01-09 13:15:25 [INFO] scheduler: ✅ data_collection.pipelines.yfinance_news completed in 25.4s
2026-01-09 13:15:25 [INFO] apscheduler.executors.default: Job "run_pipeline (trigger: cron[hour='*/4', minute='15'], next run at: 2026-01-09 04:15:00 EST)" executed successfully
